"Name","Progress","ProDetail","KnowledgeType","Topic","Summary","Priority","Category","CATE_CODE","Audio","CN","EN","Author"
"Listen to Music",0,"HaveNotRead","Hard-knowledge","Music Appreciation",0,1,"Art","ART",,"P","NA","Craig Wright"
"Skin Aging",0.2,"PartialReading","Hard-knowledge","Beauty-Theory",0,1,"Beauty&Health","BTH",,"P","NA","Gilchrest, Barbara A."
"Cosmeceuticals and Cosmetic Ingredients",0,"HaveNotRead","Hard-knowledge","Beauty-Theory",0,1,"Beauty&Health","BTH",,"P","NA","Baumann, Leslie"
"A Consumer's Dictionary of Cosmetic Ingredients, 7th Edition",0,"HaveNotRead","Hard-knowledge","Beauty-Theory",0,1,"Beauty&Health","BTH",,"P","NA","Winter, Ruth"
"自私的基因(The Selfish Gene)",0.2,"PartialReading","Hard-knowledge","Evolutionary psychology",0,1,"Biology","BIO",,"P","NA","Richard Dawkins"
"精子战争(Sperm Wars)",0.01,"PartialReading","Hard-knowledge","Evolutionary psychology",0,1,"Biology","BIO",,"P","NA",
"神似祖先",0,"PartialReading","Hard-knowledge","Evolutionary psychology",0,1,"Biology","BIO",,"P","NA","郑也夫"
"公司财务和治理机制",0.01,"PartialReading","Hard-knowledge","Company Finance",0,1,"Business & Economics & Management","BEM",,"P","NA",
"Marketing Management (14e Edition)",0.4,"PartialReading","Meta-Knowledge","Marketing Management",0,1,"Business & Economics & Management","BEM",,"P","NA","Kotler and Keller"
"国富论(The Wealth of Nation)",1,"ThroughReading","Meta-Knowledge","Economics classic",0,1,"Business & Economics & Management","BEM","Audio","P","NA","Adam Smith"
"黑客与画家(Heckers and Painters-Big Ideas from the Computer Age)",0.2,"PartialReading",,,0,1,"IT","IT",,"P","NA","Paul Graham"
"Testaments Betrayed ",0,"HaveNotRead",,,0,1,"Novels and Plays","NVL",,"P","NA","Milan Kundera"
"Life is elsewhere",0,"HaveNotRead",,,0,1,"Novels and Plays","NVL",,"P","NA","Milan Kundera"
"不朽",1,"ThroughReading",,,0,1,"Novels and Plays","NVL",,"P","NA","Milan Kundera"
"引爆流行( The Tipping Point)",1,"ThroughReading","Fastfood-knowledge",,0,1,"Other","OTH","Audio","P","NA","Malcolm Gladwell"
"How to Create a Mind: The Secret of Human Thought Revealed",0.1,"PartialReading","Hard-knowledge","How to use your brain?",0,1,"Other","OTH",,"P","NA","Kurzweil, Ray"
"Going Solo: The Extraordinary Rise and Surprising Appeal of Living Alone (单身社会)",0.2,"RoughReading","Hard-knowledge",,0,1,"Philosophy and Psychology","PPY","Audio","P","NA","Eric Klinenberg"
"思考快与慢(Thinking Fast and Slow)",1,"ThroughReading","Meta-Knowledge","Critical Thinking-Rational",0,1,"Philosophy and Psychology","PPY","Audio","P","NA","Daniel Kahneman"
"孙子兵法(The Art of War)",1,"IntensiveReading","Meta-Knowledge","Tactics",0,1,"Philosophy and Psychology","PPY",,"P","NA","Sun Tzu"
"The Theory of Moral Sentiments(道德情操论)",1,"ThroughReading","Meta-Knowledge",,0,1,"Philosophy and Psychology","PPY",,"P","NA","Adam Smith"
"洗脑术：怎样有逻辑地说服他人",1,"ThroughReading","Fastfood-knowledge","Negotiation or persuasion",0,1,"Philosophy and Psychology","PPY","Audio","P","NA","高德"
"亲密关系(Intimate Relationship)",1,"ThroughReading","Meta-Knowledge","Social Psychology",0,1,"Philosophy and Psychology","PPY","Audio","P","NA","Rowland S Miller and Daniel Perlman"
"悲剧心理学(The Psychology of Tragedy)",0,"HaveNotRead","Hard-knowledge",,0,1,"Philosophy and Psychology","PPY","Audio","P","NA","朱光潜(Chu Kwang Tsien)"
"Interpretation of Dreams",0.01,"PartialReading","Meta-Knowledge","Psychoanalysis",0,1,"Philosophy and Psychology","PPY","Audio","P","NA","Sigismund Sholomo Freud"
"The Old Regime and the French Revolution ",0.01,"RoughReading","Hard-knowledge","French Revolution",0,1,"Philosophy and Psychology","PPY","Audio","NA","P","Alexis de Tocqueville"
"Fooled by Randomness(随机漫步的傻瓜)",0,"HaveNotRead","Hard-knowledge","Critical Thinking-Uncertainty",0,1,"Philosophy and Psychology","PPY","Audio","P","NA","Nassim Nicholas Taleb"
"The Black Swan(黑天鹅)",1,"RoughReading","Hard-knowledge","Critical Thinking-Uncertainty",0,1,"Philosophy and Psychology","PPY","Audio","P","NA","Nassim Nicholas Taleb"
"Antifragile(反脆弱)",1,"ThroughReading","Hard-knowledge","Critical Thinking-Uncertainty",0,1,"Philosophy and Psychology","PPY","Audio","P","NA","Nassim Nicholas Taleb"
"写在人生边上",0.01,"RoughReading","Hard-knowledge",,0,1,"Proses Essays and Poems","PEP","Audio","P","NA","杨绛"
"如何阅读一本书(How to read a book)",1,"ThroughReading","Meta-Knowledge","Critical Thinking-Reading",0,1,"Self-development","SDP","Audio","P","NA","Mortimer J. Adler"
"科技想要什么 (What Technology Wants)",0.01,"RoughReading","Hard-knowledge",,0,1,"Society and Culture","SOC","Audio","P","NA","Kevin Kelly"
"失控(Out of Control)",0.01,"RoughReading","Hard-knowledge",,0,1,"Society and Culture","SOC","Audio","P","NA","Kevin Kelly"
"大连接(Connected)",0.5,"PartialReading","Hard-knowledge",,0,1,"Society and Culture","SOC","Audio","P","NA"," Nicholas A Christakis &  James H Fowler"
"娱乐至死(Amusing ourselves to death)",0.5,"PartialReading","Hard-knowledge",,0,1,"Society and Culture","SOC","Audio","P","NA","Nell Postman"
"每天最重要的2小时 (Two Awesome Hours)",0.01,"RoughReading","Fastfood-knowledge","Self management",1,1,"Self-development","SDP","Audio","P","NA","Josh Davis"
"Working Identity: Unconventional Strategies for Reinventing Your Career(转行)",0.01,"RoughReading","Fastfood-knowledge","Self management",0,1,"Self-development","SDP","Audio","NO","NO","Herminia Ibarra"
"抗压力",0.01,"RoughReading","Fastfood-knowledge","Stress Management",0,1,"Self-development","SDP","Audio","P","P",
"快节奏，慢生活(Mindful Tech)",0.01,"RoughReading","Fastfood-knowledge","Self management",0,1,"Self-development","SDP","Audio","P","NA","David M. Levy"
"Guns, Germs and Steels",0.01,"RoughReading","Hard-knowledge","Human history",0,1,"Society and Culture","SOC","Audio","P","NO",
"走到人生的边上",0.01,"RoughReading","Hard-knowledge","Meaning of life",0,1,"Proses Essays and Poems","PEP","Audio","P","NA","Yang Jiang"
"智慧书",0.01,"ThroughReading","Hard-knowledge","Philosophy of life",0,1,"Philosophy and Psychology","PPY","Audio","P","NA",
"沉思录",0.01,"ThroughReading","Hard-knowledge","Philosophy of life",0,1,"Philosophy and Psychology","PPY","Audio","P","NA",
"相约星期二(Tuesdays with Morrie)",0.01,"RoughReading","Hard-knowledge","Meaning of life",0,1,"Philosophy and Psychology","PPY","Audio","P","NA","Morrie"
"文明的冲突",0.01,"RoughReading","Hard-knowledge","World Civilization",0,1,"Society and Culture","SOC","Audio","P","NA",
"魔鬼经济学",0.01,"RoughReading","Fastfood-knowledge","Economics in life",0,1,"Business & Economics & Management","BEM","Audio","P","NA",
"耶路撒冷三千年",0.01,"RoughReading","Hard-knowledge","History of religions",0,1,"History","HTY","Audio","P","NA",
"悲剧的诞生",,"HaveNotRead","Meta-Knowledge",,0,1,"Philosophy and Psychology","PPY","Audio","P","NA",
"第二性",,"HaveNotRead","Hard-knowledge",,0,1,"Society and Culture","SOC","Audio","P","NO",
"不平等的代价",,"HaveNotRead","Hard-knowledge",,0,1,"Society and Culture","SOC","Audio","P","NO",
"未来简史",0.01,"RoughReading","Hard-knowledge","Future",0,1,"Society and Culture","SOC","Audio","P","NO",
"菊与刀",0.01,"RoughReading","Hard-knowledge","Japanese Culture",0,1,"Society and Culture","SOC","Audio","NO","P",
"乡土中国",0.01,"RoughReading","Hard-knowledge","Chinese Society",0,1,"Society and Culture","SOC","Audio","P","NA",
"大设计",0.01,"RoughReading","Hard-knowledge","Origin of the universe",0,1,"Physics","PHY","Audio","P","NA",
"格调(Class)",0.01,"RoughReading","Fastfood-knowledge","Class",0,1,"Society and Culture","SOC","Audio","E","NA",
"刻意练习 (Peak)",0.01,"RoughReading","Fastfood-knowledge","How to be an expert?",0,1,"Self-development","SDP","Audio","P","NA",
"从0到1",1,"ThroughReading","Fastfood-knowledge","Start business",0,1,"Self-development","SDP","Audio","P","NO",
"贫穷的本质",0.01,"RoughReading","Fastfood-knowledge","Class",0,1,"Society and Culture","SOC","Audio","P","NO",
"关键时刻",0.01,"RoughReading",,"Executive force",0,1,"Business & Economics & Management","BEM","Audio","P","NO",
"决定未来的十种人",0.01,"RoughReading","Fastfood-knowledge","How to innovate?",0,1,"Self-development","SDP","Audio","NA","P",
"细节：如何轻松影响他人",0.01,"RoughReading","Fastfood-knowledge","Negotiation or persuasion",0,1,"Self-development","SDP","Audio","P","NO",
"这样和世界相处",0.01,"RoughReading","Hard-knowledge","Individual psychology",0,1,"Philosophy and Psychology","PPY","Audio","E","P","Alfred Adler"
"知道做到",0.01,"RoughReading","Fastfood-knowledge","Develop good habit",0,1,"Self-development","SDP","Audio","E","P",
"全新思维",0.01,"RoughReading","Fastfood-knowledge","How to innovate?",0,1,"Self-development","SDP","Audio","E","NA",
"你的团队需要一个会讲故事的人",,"HaveNotRead",,,0,1,"Self-development","SDP","Audio","P","NA",
"出版人",,"HaveNotRead",,,0,1,"Biography","BIO","Audio","P","NA",
"最重要的事，只有一件",0.01,"RoughReading","Fastfood-knowledge","Time Management",0,1,"Self-development","SDP","Audio","P","NO",
"精益创业",,"HaveNotRead",,"Start business",0,1,"Business & Economics & Management","BEM","Audio","P","NA",
"反直觉询问",,"HaveNotRead",,"Critical Thinking-Ask Question",0,1,"Self-development","SDP","Audio","E","P",
"学会提问",0.01,"RoughReading","Hard-knowledge","Critical Thinking-Ask Question",0,1,"Self-development","SDP","Audio","P","NO",
"最小阻力之路",0.01,"HaveNotRead","Fastfood-knowledge","Develop good habit",0,1,"Self-development","SDP","Audio","P","NA",
"理性选民的神话",,"HaveNotRead",,,0,1,"Society and Culture","SOC","Audio","NA","P",
"Willpower(意志力)",0.01,"RoughReading","Hard-knowledge","Will Power",0,1,"Self-development","SDP","Audio","P","NA","Roy F. Baumeister & John Tierney"
"The Willpower Instinct(自控力)",1,"ThroughReading","Hard-knowledge","Will Power",0,1,"Self-development","SDP","Audio","NA","P","Kelly McGonigal"
"The Power of Habit(习惯的力量)",0.01,"RoughReading","Hard-knowledge","Will Power",0,1,"Self-development","SDP","Audio",,,"Charles Duhigg"
"逆转",0.01,"RoughReading","Fastfood-knowledge","Self management",0,1,"Self-development","SDP","Audio","NO","P","Malcolm Gladwell"
"引爆点",0.01,"RoughReading","Fastfood-knowledge","Social Impact",0,1,"Business & Economics & Management","BEM","Audio","E","NA","Malcolm Gladwell"
"瞬变",0.01,"RoughReading","Fastfood-knowledge","Develop good habit",0,1,"Self-development","SDP","Audio","P","NO",
"理性乐观派(The Rational Optimist)",0.02,"RoughReading","Hard-knowledge","Critical Thinking-Rational",0,1,"Society and Culture","SOC","Audio","P","NA","Matt Ridley"
"提问的艺术",,"HaveNotRead","Fastfood-knowledge","Critical Thinking-Ask Question",0,1,"Self-development","SDP","Audio","P","NA",
"愚昧者的愚昧",0.01,"RoughReading","Fastfood-knowledge",,0,1,"Self-development","SDP","Audio","P","NO",
"清醒思考的艺术（The Art of Thinking Clearly ）",1,"ThroughReading","Hard-knowledge","Critical Thinking-Rational",0,1,"Self-development","SDP","Audio","P","NA","Rolf Dobelli"
"创新者",,"HaveNotRead",,"How to innovate?",0,1,"Self-development","SDP","Audio","P","NO",
"洗脑术",0.01,"RoughReading","Fastfood-knowledge","Negotiation or persuasion",0,1,"Self-development","SDP","Audio","P","NO",
"沃顿商学院最受欢迎的成功课",,"HaveNotRead",,,0,1,"Self-development","SDP","Audio","P","NO",
"生猛的进化心理学",,"HaveNotRead",,,0,1,"Philosophy and Psychology","PPY","Audio","P","NO",
"演讲的力量",,"HaveNotRead","Fastfood-knowledge","Public Speaking",0,1,"Self-development","SDP","Audio","P","NO",
"Changing the Conversation(解决冲突的关键技巧)",0.01,"RoughReading","Fastfood-knowledge","Social Skill",0,1,"Self-development","SDP","Audio","NA","NO","Dana Caspersen & Joost Elffers "
"所谓情商高，就是会说话",0.01,"RoughReading","Fastfood-knowledge","Social Skill",0,1,"Self-development","SDP","Audio",,,"佐佐木圭一"
"The Introverted Leader(内向者的沟通圣经)",0.01,"RoughReading","Fastfood-knowledge","Social Skill",0,1,"Self-development","SDP","Audio","NO","NO ","Jennifer B. Kahnweiler"
"情绪急救","0,.01","RoughReading","Fastfood-knowledge","Emotion Management",0,1,"Self-development","SDP","Audio","NA","P",
"金钱不能买什么",0.01,"RoughReading","Fastfood-knowledge","Critical Thinking-ethical inquisition",0,1,"Society and Culture","SOC","Audio","NA","P",
"刻意练习",0.01,"RoughReading","Fastfood-knowledge","How to be an expert?",0,1,"Self-development","SDP","Audio","NO","P",
"颠覆式创新",0.01,"RoughReading","Fastfood-knowledge","How to innovate?",0,1,"Self-development","SDP","Audio","P","NA",
"智能时代",,"HaveNotRead","Fastfood-knowledge",,0,1,"Society and Culture","SOC","Audio","P","P",
"蔡康永的说话之道",,"HaveNotRead","Hard-knowledge",,0,1,"Self-development","SDP","Audio","P","P",
"抗压力",0.01,"RoughReading","Fastfood-knowledge","Emotion Management",0,1,"Self-development","SDP","Audio","P","NO",
"高绩效教练",0.01,"RoughReading","Fastfood-knowledge","Self management",0,1,"Self-development","SDP","Audio","P","NO",
"增长的本质",0.01,"RoughReading","Fastfood-knowledge","Economics ",0,1,"Self-development","SDP","Audio","P","NA",
"输赢心理学(Top Dog)",0.01,"RoughReading","Hard-knowledge","Psychology",0,1,"Philosophy and Psychology","PPY","Audio","P","NA",
"The 5 Money Personalities(谈钱不伤感情)",0.01,"RoughReading","Fastfood-knowledge","Intimate Relationship",0,1,"Self-development","SDP","Audio","P","NA",
"海都物语",0.01,"RoughReading","Fact-knowledge","威尼斯历史(History of Venice)",0,1,"History","HTY","Audio","P","NA",
"慢思考(Brainchains discover your brain and unleash its full potential in a hyperconnected multitasking world)",0.01,"RoughReading","Fastfood-knowledge","How to use your brain?",0,1,"Self-development","SDP","Audio","P","NA",
"请用数据说话",,"HaveNotRead",,"Critical Thinking-Data",0,1,"Data Science","DAT","Audio","E","NA",
"浪潮之巅",,"HaveNotRead",,"AI",0,1,"Society and Culture","SOC","Audio","E","P",
"无为(Trying not to try)",0.01,"RoughReading","Hard-knowledge","How to use your brain?",0,1,"Self-development","SDP","Audio","E","NA",
"翻转式学习",0.01,"RoughReading","Hard-knowledge","Children education",0,1,"Other","OTH","Audio","NO","E",
"The Human Advantage(最强大脑)",0.01,"RoughReading","Hard-knowledge","How to use your brain?",0,1,"Philosophy and Psychology","PPY","Audio","NO","NO","Suzana Herculano-Houzel"
"Two Awesome Hours(每天最重要的2小时)",0.01,"RoughReading","Fastfood-knowledge","Time Management",0,1,"Self-development","SDP","Audio","NO","P","Josh Davis"
"混乱(Messy: The Power of Disorder to Transform Our Lives)",0.01,"RoughReading","Fastfood-knowledge","Time Management",0,1,"Self-development","SDP","Audio","P","NO","Tim Harford"
"技术奇点",,"HaveNotRead","Fastfood-knowledge","AI",0,1,"Society and Culture","SOC","Audio","P","NO",
"极简人类史(This Fleeting World)",0.01,"RoughReading","Hard-knowledge","Human history",0,1,"History","HTY","Audio","NA","P","David Christian "
"优秀的绵羊",,"HaveNotRead","Fastfood-knowledge","Children education",0,1,"Other","OTH","Audio","P","NA",
"创业融资，从一个好故事开始",,"HaveNotRead","Fastfood-knowledge","Start business",0,1,"Business & Economics & Management","BEM","Audio","P","NO",
"从零开始学理财",,"HaveNotRead","Fastfood-knowledge","Wealth Management",0,1,"Self-development","SDP","Audio","P","NA",
"分享时代：如何缔造影响力",0.01,"RoughReading","Fastfood-knowledge","Social Impact",0,1,"Self-development","SDP","Audio","NA","E",
"为什么常识会撒谎(The Big Questions)",0.01,"RoughReading","Hard-knowledge","Critical Thinking-Rational",0,1,"Philosophy and Psychology","PPY","Audio","NA","P",
"男人来自火星，女人来自金星",,"HaveNotRead","Fastfood-knowledge","Gender difference",0,1,"Gender","GND","Audio","P","NA",
"博恩·崔西的时间管理课",,"HaveNotRead","Fastfood-knowledge","Time Management",0,1,"Self-development","SDP","Audio","P","NA",
"整合(Connected by Design)",0.01,"RoughReading","Fastfood-knowledge","Digital Transformation",0,1,"Business & Economics & Management","BEM","Audio","P","NA","Barry Wacksman & Chris Stutzman"
"理财最重要的事",,"HaveNotRead","Fastfood-knowledge","Wealth Management",0,1,"Self-development","SDP","Audio","P","NA",
"设计思维玩转创业",,"HaveNotRead","Fastfood-knowledge","Start business",0,1,"Self-development","SDP","Audio","E","NA",
"心思大开(Mind Wide Open)",0.01,"RoughReading","Hard-knowledge","How to use your brain?",0,1,"Philosophy and Psychology","PPY","Audio","P","NO",
"我们如何走到今天",0.01,"RoughReading","Fact-knowledge","History of technology",0,1,"History","SOC","Audio","P","NO",
"The 100-Year Life: Living and working in an age of longevity(百岁人生)",0.01,"RoughReading","Fastfood-knowledge","What is the future?",0,1,"Society and Culture","SOC","Audio","E","NA","Andrew Scott & Lynda Gratton"
"Your Survival Instinct Is Killing You (你的生存本能正在杀死你)",0.01,"RoughReading","Fastfood-knowledge","Evolutionary psychology",0,1,"Philosophy and Psychology","PPY","Audio","E","NA","Marc Schoen & Kristin Loberg "
"心灵的七种兵器",0.01,"RoughReading","Fastfood-knowledge","Subconscious ",0,1,"Self-development","SDP","Audio","P","NA","武志红"
"成功的真谛",0.01,"RoughReading","Fastfood-knowledge","稻盛和夫哲学",0,1,"Self-development","SDP","Audio","P","NA","稻盛和夫"
"麦肯锡精英的思考习惯",0.01,"RoughReading","Fastfood-knowledge","Stress Management",0,1,"Self-development","SDP","Audio","P","NA",
"艺用人体结构运动学",0.01,"PartialReading",,,0,0,"Art","ART",,"P","P",
"建筑的七盏明灯",0.01,"PartialReading",,,0,0,"Art","ART",,"P","NO",
"CEO西服学",0.05,"PartialReading",,,0,0,"Art","ART",,"P","P",
"名画的故事",0.1,"PartialReading",,,0,0,"Art","ART",,"P","NA",
"我的风格小黑皮书",1,"ThroughReading","Fastfood-knowledge",,0,0,"Art","ART",,"p","NA",
"旗袍",1,"ReferenceBook",,,0,0,"Art","ART",,"P","P",
"工笔线描－蔓陀罗",1,"ReferenceBook",,,0,0,"Art","ART",,"P","NA",
"基础图案",1,"ReferenceBook",,,0,0,"Art","ART",,"p","NA",
"瑞兽图案",1,"ReferenceBook",,,0,0,"Art","ART",,"P","NA",
"明代绘画艺术鉴赏",1,"ReferenceBook",,,0,0,"Art","ART",,"P","NA",
"结构素描1－单个静物(Still Life)",1,"ReferenceBook",,,0,0,"Art","ART",,"P","NA",
"结构素描2－几何形体(Geometric Form)",1,"ReferenceBook",,,0,0,"Art","ART",,"P","NA",
"结构素描3－石膏五官(Facial Features)",1,"ReferenceBook",,,0,0,"Art","ART",,"P","NA",
"基础素描全程训练——应试篇上：素描头像",1,"ReferenceBook",,,0,0,"Art","ART",,"P","NA",
"基础素描教程第四册",1,"ReferenceBook",,,0,0,"Art","ART",,"P","NA",
"基础美术阶梯训练教材——石膏像：素描",1,"ReferenceBook",,,0,0,"Art","ART",,"P","NA",
"手绘的奇思妙想：49位设计师的创意速写簿",1,"ReferenceBook",,,0,0,"Art","ART",,"P","NA",
"凡高素描",1,"ReferenceBook",,,0,0,"Art","ART",,"P","NA",
"速写风景画法",1,"ReferenceBook",,,0,0,"Art","ART",,"P","NA",
"米开朗基罗素描",1,"ReferenceBook",,,0,0,"Art","ART",,"P","NA",
"园林钢笔画",1,"ReferenceBook",,,0,0,"Art","ART",,"P","NA",
"席勒素描",1,"ReferenceBook",,,0,0,"Art","ART",,"P","NA",
"素描速写含马克笔、彩铅笔",1,"ReferenceBook",,,0,0,"Art","ART",,"P","NA",
"美院视界——色彩静物教学现场",1,"ReferenceBook",,,0,0,"Art","ART",,"E","NA",
"Adult Piano Adventures All-in-One Lesson Book 1",1,"ReferenceBook",,,0,0,"Art","ART",,"E","P"," Nancy Faber"
"奢侈、宁静&享乐",1,"ThroughReading",,,0,0,"Art","ART",,"P","NA","桑贝"
"听朱光潜讲美学 ",0,"HaveNotRead",,,0,0,"Art","ART",,"p","NA",
"世界美术全鉴——巴洛克与罗可可艺术",0,"HaveNotRead",,,0,0,"Art","ART",,"p","NA",
"造型设计基础(毕留举)",0,"HaveNotRead",,,0,0,"Art","ART",,"P","NA",
"中西形象设计史:职业形象设计师通用培训教程",0,"HaveNotRead",,,0,0,"Art","ART",,"P","NA",
"服饰配色设计原理与实例精解-服装综合设计原 理与实例精解丛书 ",0,"HaveNotRead",,,0,0,"Art","ART",,"P","NA",
"萨特论艺术",0,"HaveNotRead",,,0,0,"Art","ART",,"P","NA",
"中国少数民族服饰(图文并茂） ",0,"HaveNotRead",,,0,0,"Art","ART",,"P","NA",
"家庭园艺DIY系列——家庭种菜最健康",0.02,"PartialReading",,,0,0,"Art","ART",,"P","NA",
"艺术词典 (Art dictionary)",0,"HaveNotRead",,,0,0,"Art","ART",,"P","NA",
"西部布堆画艺术（英汉）",0,"HaveNotRead",,,0,0,"Art","ART",,"P","NA",
"中华风物系列丛书--中国亭子艺术",0,"HaveNotRead",,,0,0,"Art","ART",,"P","NA",
"维生素矿物质养生事典 ",0.2,"ReferenceBook",,,0,0,"Beauty&Health","BTH",,"P","NA",
"激活——给你能量的果蔬汁",1,"ReferenceBook",,,0,0,"Beauty&Health","BTH",,"P","NA",
"牛尔的爱美书：天然面膜DIY（美容教主《美丽俏佳人》美丽教练牛尔天然护肤秘笈全公开） ",1,"ReferenceBook",,,0,0,"Beauty&Health","BTH",,"P","NA",
"常春藤:人体大百科",0.01,"ReferenceBook",,,0,0,"Beauty&Health","MED",,"P","NA",
"香草美人物语",1,"ThroughReading",,,0,0,"Beauty&Health","BTH",,"P","NA","Kim Morrison & Fleur Welligan "
"吃遍全球——旅行膳食营养指南",1,"ThroughReading",,,0,0,"Beauty&Health","BTH",,"P","NA",
"香水情氛----调出来的神秘",1,"ThroughReading",,,0,0,"Beauty&Health","BTH",,"P","NA",
"花袭人(食花·花疗宝典) ",0,"HaveNotRead",,,0,0,"Beauty&Health","BTH",,"P","NA",
"Steve Jobs ",0.01,"PartialReading","Fact-knowledge-Biography",,0,0,"Biography","BGY",,"P","NA","Walter Isaacson"
"真相与传奇-杜拉斯唯一的传记影集 ",0.5,"PartialReading","Fact-knowledge-Biography",,0,0,"Biography","BGY",,"P","NA",
"曾国藩传",1,"ThroughReading","Fact-knowledge-Biography",,0,0,"Biography","BGY",,"E","NA",
"曾国藩三部曲",1,"ThroughReading","Fact-knowledge-Biography",,0,0,"Biography","BGY",,"E","NO",
"白宫首席金融智囊格林斯潘 (Alan Greenspan)",1,"ThroughReading","Fact-knowledge-Biography",,0,0,"Biography","BGY",,"P","NO",
"龙夫人：慈禧故事",1,"ThroughReading","Fact-knowledge-Biography",,0,0,"Biography","BGY",,"NA","P",
"约翰·亚当斯 ",0,"HaveNotRead","Fact-knowledge-Biography",,0,0,"Biography","BGY",,"NA","P",
"桥－奥巴马传记",0,"HaveNotRead","Fact-knowledge-Biography",,0,0,"Biography","BGY",,"P","NO",
"华盛顿传",0,"HaveNotRead","Fact-knowledge-Biography",,0,0,"Biography","BGY",,"P","NA",
"Biochemistry",0.3,"PartialReading","Meta-Knowledge",,0,0,"Biology","BIO",,"P","NA","Jeremy M. Berg"
"生命是什么",1,"ThroughReading","Meta-Knowledge",,0,0,"Biology","BIO",,"P","NO",
"互联网进化论",0.01,"RoughReading","Fastfood-knowledge",,0,0,"Business & Economics & Management","BEM",,"NO","P",
"策略思维",0.01,"PartialReading","Hard-knowledge","Critical Thinking-Decision",0,0,"Business & Economics & Management","BEM",,"P","P",
"产业链阴谋III ",0.1,"PartialReading","Fastfood-knowledge","Chinese Economy ",0,0,"Business & Economics & Management","BEM",,"NA","P",
"创新者的窘境(The Innovator's Dilemma)",0.1,"PartialReading","Hard-knowledge","How to innovate?",0,0,"Business & Economics & Management","BEM",,"NA","P"," C M Christensen"
"品牌洗脑(Brand Washed)",1,"ThroughReading","Fastfood-knowledge","Negotiation or persuasion",0,0,"Business & Economics & Management","BEM",,"P","P","Martin Lindstrom"
"中国经济缺什么（陈志武、茅于轼、斯蒂格利茨等15位经济学家分析中国经济大趋势，解局中国怎么办，共谋拯救中国经济之良策。）d11",0.2,"PartialReading","Fastfood-knowledge","Chinese Economy ",0,0,"Business & Economics & Management","BEM",,"NA","P",
"长尾理论",0.5,"PartialReading","Hard-knowledge","Marketing Management",0,0,"Business & Economics & Management","BEM",,"p","NA",
"Free: How Today's Smartest Businesses Profit by Giving Something for Nothing ",0.5,"PartialReading","Hard-knowledge","Marketing Management",0,0,"Business & Economics & Management","BEM",,,"NO",
"场景革命",0.5,"PartialReading","Fastfood-knowledge","Marketing Management",0,0,"Business & Economics & Management","BEM",,,"NA","吴声"
"伯恩斯坦金融三部曲1：繁荣的代价",1,"ThroughReading",,,0,0,"Business & Economics & Management","BEM",,,"NA",
"财富的秘密",1,"ThroughReading",,,0,0,"Business & Economics & Management","BEM",,,"NA",
"商业的常识",1,"ThroughReading",,,0,0,"Business & Economics & Management","BEM",,,"NA",
"2025年世界将发生什么",1,"ThroughReading",,,0,0,"Business & Economics & Management","BEM",,,"NA",
"自动自发 （《致加西亚的信》作者巅峰之作） ",1,"ThroughReading",,,0,0,"Business & Economics & Management","BEM",,,"NA",
"中国牛市",1,"ThroughReading",,,0,0,"Business & Economics & Management","BEM",,,"NA",
"管理的实践",1,"ThroughReading",,,0,0,"Business & Economics & Management","BEM",,,"NA","德鲁克"
"罗伯特议事规则操作指南(美国民间流传近150年的会议组织指导手册)",1,"ThroughReading",,,0,0,"Business & Economics & Management","BEM",,,"NA",
"夏娃革命（引爆女性市场的八条黄金法则） ",1,"ThroughReading",,,0,0,"Business & Economics & Management","BEM",,,"NA",
"考验－－跨国公司败阵中国实录",1,"ThroughReading",,,0,0,"Business & Economics & Management","BEM",,,"NA",
"赢",1,"ThroughReading",,,0,0,"Business & Economics & Management","BEM",,,"NO","杰克·韦尔奇"
"Competing on Analytics: The New Science of Winning",1,"ThroughReading",,,0,0,"Business & Economics & Management","BEM",,,"NO","Thomas H"
"Consumer Behavior: Buying having and being",1,"ThroughReading",,,0,0,"Business & Economics & Management","BEM",,,"NO","Solomon Michael R"
"Issue Driven",1,"ThroughReading",,,0,0,"Business & Economics & Management","BEM",,,"NO",
"Zero to One: Notes on Startups or How to Build the Future",1,"ThroughReading",,,0,0,"Business & Economics & Management","BEM",,,"NO","Peter Thiel"
"移动互联网时代",1,"ThroughReading",,,0,0,"Business & Economics & Management","BEM",,,"NO",
"经济学原理(Principles of Economics)",1,"ThroughReading","Meta-Knowledge",,0,0,"Business & Economics & Management","BEM",,,"NO","Marshall"
"伯恩斯坦金融三部曲2：华尔街上的经济学家",0,"HaveNotRead",,,0,0,"Business & Economics & Management","BEM",,,"NO",
"伯恩斯坦金融三部曲3：金融简史",0,"HaveNotRead",,,0,0,"Business & Economics & Management","BEM",,,"NO",
"互联网商规11条摩根士丹利所推崇的商业战略思想",0,"HaveNotRead",,,0,0,"Business & Economics & Management","BEM",,,"NO ",
"在路上：CCTV《赢在中国》首赛季12强创业启示录（励志创造人生 创业改变命运）",0,"HaveNotRead",,,0,0,"Business & Economics & Management","BEM",,"NO","P",
"刀口上的管理(全球顶尖企业如何利用冲突管理引领行业创新风潮） ",0,"HaveNotRead",,,0,0,"Business & Economics & Management","BEM",,"P","NA",
"巴菲特致股东的信：股份公司教程",0,"HaveNotRead",,,0,0,"Business & Economics & Management","BEM",,"NO","P",
"把握公司财务报表",0,"HaveNotRead",,,0,0,"Business & Economics & Management","BEM",,"NO","P",
"经济学通识",0.2,"PartialReading",,,0,0,"Business & Economics & Management","BEM",,"P","NO","薛兆丰"
"集装箱改变世界(The Box)",0,"HaveNotRead",,,0,0,"Business & Economics & Management","BEM",,"P","P","Marc Levinson"
"货币的祸害(Money Mischief)",0,"HaveNotRead",,,0,0,"Business & Economics & Management","BEM",,"P","NA","Milton Friedman"
"微革命",0,"HaveNotRead",,,0,0,"Business & Economics & Management","BEM",,"P","NA","金错刀"
"看不见的心(The invisible heart)",0,"HaveNotRead",,,0,0,"Business & Economics & Management","BEM",,"P","NA",
"重新定义公司—谷歌是如何运营的 (How Google Works)",0.15,"RoughReading","Fastfood-knowledge",,0,0,"Business & Economics & Management","BEM",,"NO","P","Eric Schmidt and Jonathan Rosenberg"
"Leadership Pipeline",1,"ThroughReading",,,0,0,"Business & Economics & Management","BEM",,"P","NO","Stephen Drotter & James Noel & Ram Charan"
"Blockbusters: Hit-making, Risk-taking, and the Big Business of Entertainment",0,"HaveNotRead",,,0,0,"Business & Economics & Management","BEM",,"P","NO"," Anita Elberse"
"The Alliance: Managing Talent in the Networked Age",0,"HaveNotRead",,,0,0,"Business & Economics & Management","BEM",,"P","NO","Reid Hoffman"
"Text Analysis with R for Students of Literature ",1,"ThroughReading",,,0,0,"Data Science","DAT",,"P","NO"," Matthew Jockers"
"看穿一切数字的统计学",0.01,"PartialReading",,,0,0,"Data Science","DAT",,"P","NO",
"Big Data ",1,"ThroughReading",,,0,0,"Data Science","DAT",,"P","NO",
"大数据的冲击",1,"ThroughReading",,,0,0,"Data Science","DAT",,"P","NO","野村合作所"
"Mining of Massive Datasets",0.01,"PartialReading",,,0,0,"Data Science","DAT",,"P","NO",
"Mining the Social Web",0.01,"PartialReading",,,0,0,"Data Science","DAT",,"P","NO"," Matthew A. Russell"
"Doing Data Science",0.05,"PartialReading",,,0,0,"Data Science","DAT",,"P","NO"," Cathy O'Neil"
"Humanities Data in R",0.5,"PartialReading",,,0,0,"Data Science","DAT",,"P","NO","Taylor Arnold"
"Political Analysis Using R",1,"ThroughReading",,,0,0,"Data Science","DAT",,"P","NO","James E. Monogan III"
"Practical Text Analytics: Interpreting Text and Unstructured Data for Business Intelligence",0.01,"PartialReading",,,0,0,"Data Science","DAT",,"P","NO","Steven Struhl"
"男人这东西",0.5,"PartialReading",,,0,0,"Gender","GND",,"P","NO","渡边淳一"
"完全出轨手册",1,"ThroughReading",,,0,0,"Gender","GND",,"P","NA",
"享受单身",1,"ThroughReading",,,0,0,"Gender","GND",,"P","NO",
"滚床单心理学",1,"ThroughReading",,,0,0,"Gender","GND",,"P","NO",
"迎男而上",1,"ThroughReading",,,0,0,"Gender","GND",,"P","NA","燕公子"
"世界简史 ",0.01,"PartialReading",,,0,0,"History","HTY",,"P","NA",
"传说时代 · 夏 · 商 · 西周",0.01,"PartialReading",,,0,0,"History","HTY",,"P","NO",
"忽必烈大帝 ",0.01,"PartialReading",,,0,0,"History","HTY",,"P","NO",
"人类简史——从动物到上帝[Sapiens: A Brief History of Humankind]",0.02,"PartialReading",,,0,1,"History","HTY","Audio","P","NO","Yuval Noah Harari"
"美国人民 —— 创建一个国家和一种社会（上卷 1492-1877 年第六版）",0.05,"PartialReading",,,0,0,"History","HTY",,"P","NO",
"人类的故事 (the history of mankind)",0.1,"PartialReading",,,0,0,"History","HTY",,"P","NO","Hendrik Willem Van Loon"
"何苦生在帝王家（大清公主命运实录 )",0.1,"PartialReading",,,0,0,"History","HTY",,"P","NO",
"《大国崛起》系列丛书 —— 日本",0.2,"PartialReading",,,0,0,"History","HTY",,"P","NO",
" 第三帝国的兴亡 (The Rise and Fall of the Third Reich)",0.25,"PartialReading",,,0,0,"History","HTY",,"P","NO","William L.Shirer "
"上帝之鞭阿提拉 —— 挑战罗马帝国的匈人王",0.3,"PartialReading",,,0,0,"History","HTY",,"P","NO",
"百家讲坛 —— 说雍正",1,"ThroughReading",,,0,0,"History","HTY",,"P","NO",
"《大国崛起》系列丛书 ——美国",1,"ThroughReading",,,0,0,"History","HTY",,"P","NA",
"《大国崛起》系列丛书 —— 俄罗斯 ",1,"ThroughReading",,,0,0,"History","HTY",,"P","NA",
"Reading on road (American history)",1,"ThroughReading",,,0,0,"History","HTY",,"P","NA",
"历史的胭脂痕迹 : 触摸历史上命运多舛的红颜背后",1,"ThroughReading",,,0,0,"History","HTY",,"P","NO",
"历史深处的忧虑－近距离看美国之一",1,"ThroughReading",,,0,0,"History","HTY",,"P","NA",
"总统是靠不住的 - 近距离看美国之二",1,"ThroughReading",,,0,0,"History","HTY",,"P","NA",
"我也有一个梦想－近距离看美国之三",1,"ThroughReading",,,0,0,"History","HTY",,"P","NA",
"如彗星划过夜空 - 近距离看美国之四",1,"ThroughReading",,,0,0,"History","HTY",,"P","NA",
"《大国崛起》系列丛书 —— 德国",1,"ThroughReading",,,0,0,"History","HTY",,"P","NA",
"武则天正传",1,"ThroughReading",,,0,0,"History","HTY",,"P","P","林语堂"
"宗教简史 (A Brief History of Religion)",1,"ThroughReading",,,0,0,"History","HTY",,"P","NA",
"美国无法忘却的罪恶 —— 美利坚风雨二百年",1,"ThroughReading",,,0,0,"History","HTY",,"P","NO",
"探索古文明系列 —— 木乃伊",1,"ThroughReading",,,0,0,"History","HTY",,"P","NA",
"木乃伊：法老时代的生与死",1,"ThroughReading",,,0,0,"History","HTY",,"P","NA","覃东"
"秦风作品系列——秦风老照片馆",1,"ThroughReading",,,0,0,"History","HTY",,"P","NA",
"邓小平时代",1,"ThroughReading",,,0,0,"History","HTY",,"P","NO ","傅高义"
"论中国(On China)",1,"ThroughReading",,,0,0,"History","HTY",,"P","NO","基辛格"
"《大国崛起》系列丛书 —— 法国",0,"HaveNotRead",,,0,0,"History","HTY",,"P","NO",
"《大国崛起》系列丛书 —— 西班牙 / 葡萄牙",0,"HaveNotRead",,,0,0,"History","HTY",,"P","NO",
"《大国崛起》系列丛书 —— 荷兰",0,"HaveNotRead",,,0,0,"History","HTY",,"P","NO",
"亚洲简史 ",0,"HaveNotRead",,,0,0,"History","HTY",,"P","NO",
"Universal history of world",0,"HaveNotRead",,,0,0,"History","HTY",,"P","NO",
"彩色人文历史 —— 文学的历史",0,"HaveNotRead",,,0,0,"History","HTY",,"P","NO",
"传播学史：一种传记式的方法",0,"HaveNotRead",,,0,0,"History","HTY",,"P","NO",
"中国美术史",0,"HaveNotRead",,,0,0,"History","HTY",,"P","NO",
"西方美术史",0,"HaveNotRead",,,0,0,"History","HTY",,"P","NO",
"美洲简史",0,"HaveNotRead",,,0,0,"History","HTY",,"P","NO",
"欧洲艺术史",0,"HaveNotRead",,,0,0,"History","HTY",,"P","NO",
"1949 伯力大审判 —— 侵华日军使用细菌武器案庭审实录",0,"HaveNotRead",,,0,0,"History","HTY",,"P","NO",
"彩色人文历史 —— 演艺的历史",0,"HaveNotRead",,,0,0,"History","HTY",,"P","NA",
"影响人类历史的大审判",0,"HaveNotRead",,,0,0,"History","HTY",,"P","NA",
"总统的力量 —— 从殖民地到超级大国",0,"HaveNotRead",,,0,0,"History","HTY",,"P","NA",
"资治通鉴",0,"HaveNotRead",,,0,0,"History","HTY",,"P","NA",
"20 世纪的精神教训",0,"HaveNotRead",,,0,0,"History","HTY",,"P","NO",
"阿连德家族",0,"HaveNotRead",,,0,0,"History","HTY",,"P","NO",
"茶叶之路    (The Tea Road China and Russia Meet Across the Steppe) ",0,"HaveNotRead",,,0,0,"History","HTY",,"P","NO","Martha Avery"
"百年文字狱",0,"HaveNotRead",,,0,0,"History","HTY",,"P","NO",
"何兆武文集——历史与历史学",0,"HaveNotRead",,,0,0,"History","HTY",,"P","NA",
"琉璃宫史",0,"HaveNotRead",,,0,0,"History","HTY",,"P","P",
"春秋大义",0,"HaveNotRead",,,0,0,"History","HTY",,"P","P","熊毅"
"战争改变历史 (War Made New)",0,"HaveNotRead",,,0,0,"History","HTY",,"P","NA","Max Boot"
"机器学习",0.5,"PartialReading",,,0,0,"IT","IT",,"P","NA",
"Hadoop: The Definitive Guide ",0,"HaveNotRead",,,0,0,"IT","IT",,"P","NA","Tom White"
"云计算与分布式系统:从并行处理到物联网(英 文版)",0,"HaveNotRead",,,0,0,"IT","IT",,"P","NA",
"算法之道(第2版)",0,"HaveNotRead",,,0,0,"IT","IT",,"P","NA",
"计算机原理简明教程  ",0,"HaveNotRead",,,0,0,"IT","IT",,"E","NA",
"构建云应用:概念、模式和实践(详述如何打造性 能、可扩展性、可用性俱佳的云计算架构模式)(云计算技术系列丛书) ",0,"HaveNotRead",,,0,0,"IT","IT",,"P","NO",
"Learning Python",0,"HaveNotRead",,,0,0,"IT","IT",,"P","NA","Mark Lutz"
"中国法律法规中英对照系列4——中国公司企业法律法规（中英对照法规）",0.2,"PartialReading",,,0,0,"Law","LAW",,"P","NA",
"高等学校法学双语教材——国际法（英文版） ",0,"HaveNotRead",,,0,0,"Law","LAW",,"P","NA",
"高等学校双语教材－国际商法 第二版 （英文版） ",0,"HaveNotRead",,,0,0,"Law","LAW",,"p","NO",
"中国法律法规中英对照系列5——中国对外贸易与经济合作法律法规（中英对照法规）",0,"HaveNotRead",,,0,0,"Law","LAW",,"NA","P",
"Inside the Jury",0,"HaveNotRead",,,0,0,"Law","LAW",,"NA","P","Hastie Reid & Steven D. Penrod &  Nancy Pennington"
"现代家庭实用宝典——中草药大全",0.01,"ReferenceBook",,,0,0,"Medicine","MED",,"NA","P",
"鲁滨逊漂流记",1,"ThroughReading",,,0,0,"Novel","NVL",,"NA","P",
"海底两万里",1,"ThroughReading",,,0,0,"Novel","NVL",,"E","P",
"倾城之恋",1,"ThroughReading",,,0,0,"Novel","NVL",,"E","NO","张爱玲"
"半生缘",1,"ThroughReading",,,0,0,"Novel","NVL",,"P","NO","张爱玲"
"沉香屑 第一炉香",1,"ThroughReading",,,0,0,"Novel","NVL",,"P","NA","张爱玲"
"多少恨",1,"ThroughReading",,,0,0,"Novel","NVL",,"P","NO","张爱玲"
"金锁记",1,"ThroughReading",,,0,0,"Novel","NVL",,"P","NA","张爱玲"
"红玫瑰与白玫瑰",1,"ThroughReading",,,0,0,"Novel","NVL",,"P","NA","张爱玲"
"小艾",1,"ThroughReading",,,0,0,"Novel","NVL",,"P","NA","张爱玲"
"连环套",1,"ThroughReading",,,0,0,"Novel","NVL",,"P","NO","张爱玲"
"创世纪",1,"ThroughReading",,,0,0,"Novel","NVL",,"P","NO","张爱玲"
"浮花浪蕊",1,"ThroughReading",,,0,0,"Novel","NVL",,"P","NA","张爱玲"
"福尔摩斯探案集",1,"ThroughReading",,,0,0,"Novel","NVL",,"P","P","柯南道尔"
"希区柯克集",1,"ThroughReading",,,0,0,"Novel","NVL",,"P","NO","希区柯克"
"欧亨利短篇小说集",1,"ThroughReading",,,0,0,"Novel","NVL",,"P","NA","欧亨利"
"茶花女",1,"ThroughReading",,,0,0,"Novel","NVL",,"E","P","小仲马"
"傲慢与偏见(Pride and Prejudice)",1,"ThroughReading",,,0,0,"Novel","NVL",,"E","P","Jane Austen"
"巴黎圣母院",1,"ThroughReading",,,0,0,"Novel","NVL",,"E","P","雨果"
"钢铁是怎样炼成的",1,"ThroughReading",,,0,0,"Novel","NVL",,"NO","P","尼古拉.奥斯特洛夫斯基"
"童年",1,"ThroughReading",,,0,0,"Novel","NVL",,"P","NO","高尔基"
"在人间",1,"ThroughReading",,,0,0,"Novel","NVL",,"P","NA","高尔基"
"我的大学",1,"ThroughReading",,,0,0,"Novel","NVL",,"P","NO","高尔基"
"老人与海(The Old Man and The Sea)",1,"ThroughReading",,,0,0,"Novel","NVL",,"P","NA"," Ernest Hemingway"
"三国演义",1,"ThroughReading",,,0,0,"Novel","NVL",,"E","NA",
"Complete Novels of Mark Twain",0.5,"PartialReading",,,0,0,"Novel","NVL",,"P","NA","Mark Twain"
"For Whom the Bell Tolls ",0,"HaveNotRead",,,0,0,"Novel","NVL",,"P","P"," Ernest Hemingway"
"In Cold Blood",0,"HaveNotRead",,,0,0,"Novel","NVL",,"P","NO","Truman Capote"
"安娜·卡列尼娜（中英对照缩写）",0.01,"PartialReading",,,0,0,"Novels and Plays","NVL",,"P","P",
"中国传奇",0.2,"PartialReading",,,0,0,"Novels and Plays","NVL",,"P","NO",
"孤独之酒",0.2,"PartialReading",,,0,0,"Novels and Plays","NVL",,"P","P",
"白夜",0.5,"PartialReading",,,0,0,"Novels and Plays","NVL",,"P","NO","陀思妥耶夫斯基"
"白痴",1,"ThroughReading",,,0,0,"Novels and Plays","NVL",,"P","P","陀思妥耶夫斯基"
"Unbearable Lightness of Being",1,"ThroughReading",,,0,0,"Novels and Plays","NVL",,"P","P"," Milan Kundera"
"One Hundred Years of Solitude-百年孤独",1,"ThroughReading",,,0,0,"Novels and Plays","NVL",,"P","NA","Gabriel García Márquez"
"The Lover ",1,"ThroughReading",,,0,0,"Novels and Plays","NVL",,"P","NO","Marguerite Duras"
"La Musica",1,"ThroughReading",,,0,0,"Novels and Plays","NVL",,"P","NO","Marguerite Duras"
"Eden Cinema",1,"ThroughReading",,,0,0,"Novels and Plays","NVL",,"P","NO","Marguerite Duras"
"Savannah Bay",1,"ThroughReading",,,0,0,"Novels and Plays","NVL",,"P","NO","Marguerite Duras"
"India Song",1,"ThroughReading",,,0,0,"Novels and Plays","NVL",,"P","NO","Marguerite Duras"
"Laughable Loves",1,"ThroughReading",,,0,0,"Novels and Plays","NVL",,"P","P","Milan Kundera"
"Ignorance ",1,"ThroughReading",,,0,0,"Novels and Plays","NVL",,"P","NO","Milan Kundera"
"Slowness",1,"ThroughReading",,,0,0,"Novels and Plays","NVL",,"P","NO","Milan Kundera"
"Identity",1,"ThroughReading",,,0,0,"Novels and Plays","NVL",,"P","NO","Milan Kundera"
"Immortality",1,"ThroughReading",,,0,0,"Novels and Plays","NVL",,"P","NA","Milan Kundera"
"Jacques and his Master",1,"ThroughReading",,,0,0,"Novels and Plays","NVL",,"P","NA","Milan Kundera"
"Arch of Triumph",1,"ThroughReading",,,0,0,"Novels and Plays","NVL",,"P","NA",
"活着",1,"ThroughReading",,,0,0,"Novels and Plays","NVL",,"P","NA","余华"
"最后的情人",1,"ThroughReading",,,0,0,"Novels and Plays","NVL",,"P","NO",
"L'Assommoir",1,"ThroughReading",,,0,0,"Novels and Plays","NVL",,"P","NO","Émile Zola"
"面孔之舞",1,"ThroughReading",,,0,0,"Novels and Plays","NVL",,"P","NA",
"社交舞",1,"ThroughReading",,,0,0,"Novels and Plays","NVL",,"P","NA",
"An Iceland Fisherman",1,"ThroughReading",,,0,0,"Novels and Plays","NVL",,"P","NA","Pierre Loti"
"Madame Chrysanthème",1,"ThroughReading",,,0,0,"Novels and Plays","NVL",,"P","NO","Pierre Loti"
"连环",1,"ThroughReading",,,0,0,"Novels and Plays","NVL",,"P","NO","亦舒"
"The Confession of a Child of the Century",1,"ThroughReading",,,0,0,"Novels and Plays","NVL",,"P","P","Alfredde Musset"
"Night",1,"ThroughReading",,,0,0,"Novels and Plays","NVL",,"E","P",
"床上的爱丽斯-苏珊.桑塔格文选(八幕剧)",1,"ThroughReading",,,0,0,"Novels and Plays","NVL",,"E","P",
"The Little Prince",1,"ThroughReading",,,0,0,"Novels and Plays","NVL",,"P","NO",
"White Death",1,"ThroughReading",,,0,0,"Novels and Plays","NVL",,"P","NO",
"Mark Twain: Pudd' nhead Wilson ",1,"ThroughReading",,,0,0,"Novels and Plays","NVL",,"P","NO",
"Selected Short Stories of O Henry",1,"ThroughReading",,,0,0,"Novels and Plays","NVL",,"E","NO","O Henry"
"动物凶猛",1,"ThroughReading",,,0,0,"Novels and Plays","NVL",,"P","NA","杨朔"
"水岸",1,"ThroughReading",,,0,0,"Novels and Plays","NVL",,"P","NA","丹羽"
"女记",1,"ThroughReading",,,0,0,"Novels and Plays","NVL",,"E","P",
"Selected Short Stories of Washington Irving",1,"ThroughReading",,,0,0,"Novels and Plays","NVL",,"E","NO","Washington Irving"
"安格思首部曲:传奇初现",1,"ThroughReading",,,0,0,"Novels and Plays","NVL",,"P","NA",
"小人得志",1,"ThroughReading",,,0,0,"Novels and Plays","NVL",,"P","NO",
"温莎墓园日记",1,"ThroughReading",,,0,0,"Novels and Plays","NVL",,"NA","P","木心"
"世事如烟",1,"ThroughReading",,,0,0,"Novels and Plays","NVL",,"P","P","余华"
"佛经故事",1,"ThroughReading",,,0,0,"Novels and Plays","NVL",,"P","NO",
"长生殿 (The Palace of Eternal Youth)",1,"ThroughReading",,,0,0,"Novels and Plays","NVL",,"P","NA",
"灵魂饭",1,"ThroughReading",,,0,0,"Novels and Plays","NVL",,"P","NO","余华"
"琴声如诉",1,"ThroughReading",,,0,0,"Novels and Plays","NVL",,"P","NO",
"王小波小说全集——早期作品/唐人故事/似水柔情",1,"ThroughReading",,,0,0,"Novels and Plays","NVL",,"P","NO","王小波"
"三寸金莲",1,"ThroughReading",,,0,0,"Novels and Plays","NVL",,"P","NO",
"被欺凌与被侮辱的",0,"HaveNotRead",,,0,0,"Novels and Plays","NVL",,"P","NO",
"Message in a Bottle",0,"HaveNotRead",,,0,0,"Novels and Plays","NVL",,"P","NO","NichoIas Sparks"
"美国佬",0,"HaveNotRead",,,0,0,"Novels and Plays","NVL",,"E","NO",
"Digital Fortress",0,"HaveNotRead",,,0,0,"Novels and Plays","NVL",,"P","NO","Dan Brown"
"We are Decoys  Baby",0,"HaveNotRead",,,0,0,"Novels and Plays","NVL",,"P","NA","Elfriede Jeline"
"纪德小说选(Selected Short Stories of Gide)",0,"HaveNotRead",,,0,0,"Novels and Plays","NVL",,"P","NA","Guillaume Gide"
"马语者(The Horse Whisperer)",0,"HaveNotRead",,,0,0,"Novels and Plays","NVL",,"P","NO","Nicholas Evans"
"William Sharkspeare Tragedy",0,"HaveNotRead",,,0,0,"Novels and Plays","NVL",,"P","NO","William Sharkspeare "
"William Sharkspeare Comedy ",0,"HaveNotRead",,,0,0,"Novels and Plays","NVL",,"P","NA","William Sharkspeare "
"The Murder of Roger Ackroyd",0,"HaveNotRead",,,0,0,"Novels and Plays","NVL",,"P","NA","Agatha Christie"
"Nemesis",0,"HaveNotRead",,,0,0,"Novels and Plays","NVL",,"P","NO","Agatha Christie"
"The Murder at The Vicarage",0,"HaveNotRead",,,0,0,"Novels and Plays","NVL",,"P","NA","Agatha Christie"
"They Do It with Mirrors",0,"HaveNotRead",,,0,0,"Novels and Plays","NVL",,"P","NA","Agatha Christie"
"宋明平话选",0,"HaveNotRead",,,0,0,"Novels and Plays","NVL",,"P","NO",
"天香",0,"HaveNotRead",,,0,0,"Novels and Plays","NVL",,"P","NA","王安忆"
"世界十大古典喜剧故事",0,"HaveNotRead",,,0,0,"Novels and Plays","NVL",,"P","NA",
"Twelve Plays by Shakespeare",0,"HaveNotRead",,,0,0,"Novels and Plays","NVL",,"P","NA","William Sharkspeare "
"The Chalk Circle Man",1,"ThroughReading",,,0,0,"Novels and Plays-detective","NVL",,"P","NO","The Chalk Circle Man"
"The Last Coyote",1,"ThroughReading",,,0,0,"Novels and Plays-detective","NVL",,"P","NO","The Last Coyote"
"The Moving Finger",1,"ThroughReading",,,0,0,"Novels and Plays-detective","NVL",,"P","NA","Agatha Christie"
"旧墨记--世纪学人的墨迹与往事",0.01,"PartialReading",,,0,0,"Other","OTH",,"P","NA",
"Hillary's English-speaking World",0.3,"PartialReading",,"Public Speaking",0,0,"Other","OTH",,"P","NA",
"西方元典——西方经典电影(Western Films)",0.4,"PartialReading",,,0,0,"Art","ART",,"NA","P",
"K文件(1)",0.5,"PartialReading",,,0,0,"Other","OTH",,"NO","P",
"冰鉴",0.5,"PartialReading",,,0,0,"Other","OTH",,"NO","P",
"女人说话",1,"ThroughReading",,,0,0,"Other","OTH",,"NO","P",
"世界上最疼我的那个人去了",1,"ThroughReading",,,0,0,"Other","OTH",,"E","P",
"闲看水浒：字缝里的梁山规则与江湖世界",1,"ThroughReading",,"Worldly wisdom",0,0,"Other","OTH",,"E","P",
"不畏将来不念过去",1,"ThroughReading",,,0,0,"Other","OTH",,"P","NO","十二"
"裸女",0,"HaveNotRead",,,0,0,"Other","OTH",,"E","P",
"翻译理论与实务丛书——跨文化旅游翻译",0,"HaveNotRead",,,0,0,"English","ENG",,"E","NO",
"典籍英译研究(Studies on Translation of Chinese Classics into English)",0,"HaveNotRead",,,0,0,"English","ENG",,"E","NO",
"季羡林谈翻译",0,"HaveNotRead",,,0,0,"English","ENG",,"E","NA",
"美国白宫千年晚会演讲选集 ",0.1,"PartialReading",,"Public Speaking",0,0,"Other","OTH",,"E","NO",
"The Adaptive Decision Maker ",0,"HaveNotRead",,,0,0,"Other","OTH",,"E","NO"," John W Payne"
"How Not to Be Wrong: The Power of Mathematical Thinking ",0,"HaveNotRead",,,0,0,"Other","OTH",,"E","NO","Jordan Ellenberg"
"The World Atlas of Wine 7th Edition",0.01,"ReferenceBook",,"Wine",0,0,"Art","ART",,"E","NO","Hugh Johnson"
"Delivering knock your socks off service",0,"HaveNotRead",,,0,0,"Other","OTH",,"P","NO",
"异类(Outliers)",1,"ThroughReading","Fastfood-knowledge","How to be an expert?",0,0,"Other","OTH","Audio","P","NA","Malcolm Gladwell"
"What If?: Serious Scientific Answers to Absurd Hypothetical Questions",0.3,"PartialReading",,,0,0,"Other","OTH",,"P","NO","Randall Munroe"
"xkcd: volume 0",0.3,"PartialReading",,,0,0,"Other","OTH",,,"P","Randall Munroe"
"我读《易经》(上)(Book Of Changes I)",0.01,"PartialReading",,,0,0,"Philosophy and Psychology","PPY",,"P","P",
"北大哲学门经典文萃——冯友兰选集",0.01,"PartialReading",,,0,0,"Philosophy and Psychology","PPY",,"P","NO","冯友兰"
"南怀瑾选集第三卷易经杂说易经系传别讲",0.01,"PartialReading",,,0,0,"Philosophy and Psychology","PPY",,"P","NO","南怀瑾"
"正义之心",0.01,"PartialReading",,,0,0,"Philosophy and Psychology","PPY",,"P","NO",
"推理的迷宫(Labyrinths  of Reason)",0.01,"PartialReading",,,0,0,"Philosophy and Psychology","PPY",,"P","NA","William Poundstone"
"漫画中国思想（蔡志忠漫画经典精选）",0.02,"PartialReading",,,0,0,"Philosophy and Psychology","PPY",,"P","NO",
"社会心理学",1,"ThroughReading",,,0,0,"Philosophy and Psychology","PPY",,"P","NO",
"心理学与生活",0.02,"PartialReading",,,0,0,"Philosophy and Psychology","PPY",,"P","P",
"庄子諵譁.上",0.02,"PartialReading",,,0,0,"Philosophy and Psychology","PPY",,"P","P","南怀瑾"
"乌合之众(The Crowd)",0.05,"PartialReading",,,0,0,"Philosophy and Psychology","PPY",,"P","NO","Gustave Le Bon"
"身份的焦虑(Status Anxiety)",1,"ThroughReading",,,0,0,"Philosophy and Psychology","PPY",,"P","NO","Alain de Botton"
"智慧社会 (Social Physics)",0.2,"PartialReading",,,0,0,"Philosophy and Psychology","PPY",,"E","NA","Alex Pentland  "
"叙事疗法",0.2,"PartialReading",,,0,0,"Philosophy and Psychology","PPY",,"P","P",
"亲密的陌生人",0.2,"PartialReading",,,0,0,"Philosophy and Psychology","PPY",,"P","P",
"逻辑学(Science of Logic)",0.3,"PartialReading",,,0,0,"Philosophy and Psychology","PPY",,"P","P","Hegel"
"Confucius Said ",0.3,"PartialReading",,,0,0,"Philosophy and Psychology","PPY",,"P","NA","Tom Te-wu Ma"
"天才在左疯子在右",0.3,"PartialReading",,,0,0,"Philosophy and Psychology","PPY",,"P","NA","高铭"
"做一名优秀的心理咨询师",0.5,"PartialReading",,,0,0,"Philosophy and Psychology","PPY",,"P","NA",
"逃避自由(Escape from Freedom)",1,"ThroughReading","Meta-Knowledge",,0,0,"Philosophy and Psychology","PPY",,"P","NA","Erich Fromm"
"幸福之路",1,"ThroughReading","Hard-knowledge",,0,0,"Philosophy and Psychology","PPY",,"P","NA","罗素"
"武士道(Bushido) ",1,"ThroughReading","Hard-knowledge",,0,0,"Philosophy and Psychology","PPY",,"P","P"," Jnazo Nitobe"
"博伽梵歌",1,"ThroughReading","Hard-knowledge",,0,0,"Philosophy and Psychology","PPY",,"P","NA",
"道德箴言录",1,"ThroughReading","Hard-knowledge",,0,0,"Philosophy and Psychology","PPY",,"P","NA","La Rochefoucald"
"Idle Thoughts of an Idle Fellow",1,"ThroughReading",,,0,0,"Philosophy and Psychology","PPY",,"P","NA","Jerome K.Jerome"
"南怀瑾谈心兵难防",1,"ThroughReading",,,0,0,"Philosophy and Psychology","PPY",,"P","NA","南怀瑾"
"Tolerance",1,"ThroughReading",,,0,0,"Philosophy and Psychology","PPY",,"P","NA","Hendrik Willem Van Loon"
"On Old Age",1,"ThroughReading",,,0,0,"Philosophy and Psychology","PPY",,"P","P","Cicero Marcus Tullius"
"On Friendship",1,"ThroughReading",,,0,0,"Philosophy and Psychology","PPY",,"P","NA","Cicero Marcus Tullius"
"On the Laws",1,"ThroughReading",,,0,0,"Philosophy and Psychology","PPY",,"P","NA","Cicero Marcus Tullius"
"On the Nature of the Gods",1,"ThroughReading",,,0,0,"Philosophy and Psychology","PPY",,"P","NA","Cicero Marcus Tullius"
"中庸洞见(An Insight of Chung-yung)",1,"ThroughReading",,,0,0,"Philosophy and Psychology","PPY",,"NA","P","Tu Wei-ming"
"欲望之源",1,"ThroughReading",,,0,0,"Philosophy and Psychology","PPY",,"P","NA",
"论雄辩",1,"ThroughReading",,,0,0,"Philosophy and Psychology","PPY",,"P","P","François Fénelon"
"亡灵对话录",1,"ThroughReading",,,0,0,"Philosophy and Psychology","PPY",,"E","NA","François Fénelon"
"南怀瑾选集（第二卷）",1,"ThroughReading",,,0,0,"Philosophy and Psychology","PPY",,"P","P","南怀瑾"
"老子他说",1,"ThroughReading",,,0,0,"Philosophy and Psychology","PPY",,"P","NA","南怀瑾"
"百喻经(一部古老的佛教寓言经典)",1,"ThroughReading",,,0,0,"Philosophy and Psychology","PPY",,"P","NA",
"图解心理学",1,"ThroughReading",,,0,0,"Philosophy and Psychology","PPY",,"P","NA",
"重负与神恩(Gravity and Grace) ",1,"ThroughReading",,,0,0,"Philosophy and Psychology","PPY",,"P","NA","Simone Weil"
"名家集注孙子兵法",1,"ThroughReading",,,0,0,"Philosophy and Psychology","PPY",,"P","NA",
"谢尔顿作品集——众神的风车",1,"ThroughReading",,,0,0,"Philosophy and Psychology","PPY",,"P","NA","谢尔顿"
"了凡四训",1,"ThroughReading",,,0,0,"Philosophy and Psychology","PPY",,"P","NA","袁了凡"
"欲望心理学：看人看到骨头里",1,"ThroughReading",,,0,0,"Philosophy and Psychology","PPY",,"P","NA",
"人格心理学 (Personality)",1,"ThroughReading",,,0,0,"Philosophy and Psychology","PPY",,"P","NA","Jerry M. Burger"
"Escape from Freedom",1,"ThroughReading",,,0,0,"Philosophy and Psychology","PPY",,"P","NO"," Erich Fromm"
"The Art of Loving(爱的艺术)",1,"ThroughReading",,,0,0,"Philosophy and Psychology","PPY",,"P","NA"," Erich Fromm"
"Predictably Irrational(怪诞行为学)",1,"ThroughReading",,,0,0,"Philosophy and Psychology","PPY",,"P","NA"," Dan Ariely"
"反直觉思考",1,"ThroughReading","Hard-knowledge","Critical Thinking-Rational",0,0,"Philosophy and Psychology","PPY",,"P","NO",
"直面内心的恐惧",1,"ThroughReading","Hard-knowledge",,0,0,"Philosophy and Psychology","PPY",,"E","P",
"选择的悖论",1,"ThroughReading","Hard-knowledge",,0,0,"Philosophy and Psychology","PPY",,"P","NA",
"Predictably Irrational2",1,"ThroughReading",,,0,0,"Philosophy and Psychology","PPY",,"P","NA"," Dan Ariely"
"三十六计",1,"ThroughReading","Meta-Knowledge","Tactics",0,0,"Philosophy and Psychology","PPY",,"P","NA",
"乐观的偏见(The Optimism Bias)",1,"ThroughReading","Hard-knowledge","Psychology",0,0,"Philosophy and Psychology","PPY",,"P","NA","Tali Sharot"
"不靠谱的心理学(Psychobabble)",1,"ThroughReading","Hard-knowledge","Psychology",0,0,"Philosophy and Psychology","PPY",,"P","NA","Stephen Briers"
"邪恶人性(People of the lie)",1,"ThroughReading",,,0,0,"Philosophy and Psychology","PPY",,"P","NO","Scott Parker"
"Being Mortal",1,"ThroughReading",,,0,0,"Philosophy and Psychology","PPY",,"P","NA",
"Leviathan",0,"HaveNotRead",,,0,0,"Philosophy and Psychology","PPY",,"P","NA","Thomas Hobbes"
"卢梭文集(The Eassys by Rousseau)",0,"HaveNotRead","Meta-Knowledge",,0,0,"Philosophy and Psychology","PPY",,"P","NA","Bertrand Russell"
"叔本华文选(Selected Readings of Schopenhauer) ",0,"HaveNotRead","Meta-Knowledge",,0,0,"Philosophy and Psychology","PPY",,"P","NO","Schopenhauer"
"纯粹理性批判(The Critique of Pure Reason)",0,"HaveNotRead","Meta-Knowledge",,0,0,"Philosophy and Psychology","PPY",,"P","NA","Kant"
"理想国(Republic) ",0,"HaveNotRead","Meta-Knowledge",,0,0,"Philosophy and Psychology","PPY",,"P","NA","Plato"
"疯癫与文明(Madness and Civilization)",0,"HaveNotRead","Meta-Knowledge",,0,0,"Philosophy and Psychology","PPY",,"P","NA","Michel Foucault "
"Power: A New Social Analysis ",0,"HaveNotRead",,,0,0,"Philosophy and Psychology","PPY",,"P","NO","Bertrand Russell"
"精神分析引论(A General Introduction To Psychoanalysis)",0.01,"PartialReading","Meta-Knowledge",,0,0,"Philosophy and Psychology","PPY",,"P","NO","Sigismund Sholomo Freud"
"我读《易经》(下)(Book Of Changes II)",0,"HaveNotRead","Meta-Knowledge",,0,0,"Philosophy and Psychology","PPY",,"P","NO",
"荀子",0,"HaveNotRead","Meta-Knowledge",,0,0,"Philosophy and Psychology","PPY",,"P","NO",
"尼采与形而上学 (Nietzsche and Metaphysics)",0,"HaveNotRead","Meta-Knowledge",,0,0,"Philosophy and Psychology","PPY",,"P","NO","周国平"
"雷蒙·塞邦赞(Apoiogie de Raimond de Sebonde) ",0,"HaveNotRead",,,0,0,"Philosophy and Psychology","PPY",,"P","NO","Michel de Montaigne"
"文明·罗马的曙光——伊特鲁里亚(Etruscology)",0,"HaveNotRead",,,0,0,"Philosophy and Psychology","PPY",,"E","NA",
"尼金斯基手记",0,"HaveNotRead",,,0,0,"Philosophy and Psychology","PPY",,"E","NA",
"Christian Culture",0,"HaveNotRead",,,0,0,"Philosophy and Psychology","PPY",,"E","NO",
"西方哲学史",0,"HaveNotRead","Meta-Knowledge",,0,0,"Philosophy and Psychology","PPY",,"NA","P",
"左传 吕氏春秋 战国策",0,"HaveNotRead","Fact-knowledge","Chinese History",0,0,"History","HTY",,"NA","P",
"生活的艺术",0,"HaveNotRead",,,0,0,"Philosophy and Psychology","PPY",,"NA","NO",
"献给命运的紫罗兰——我的人生人生体悟",0,"HaveNotRead",,,0,0,"Philosophy and Psychology","PPY",,"E","NO",
"幸福的终结 ",0,"HaveNotRead",,,0,0,"Philosophy and Psychology","PPY",,"P","NA","Harvie Ferguson"
"未死的沙威",0,"HaveNotRead",,,0,0,"Philosophy and Psychology","PPY",,"P","NA","梁晓声"
"论法的精神",0,"HaveNotRead","Meta-Knowledge",,0,0,"Philosophy and Psychology","PPY",,"P","NA",
"本尼迪克特文选",0,"HaveNotRead",,,0,0,"Philosophy and Psychology","PPY",,"NA","P",
"哲学史思路:穿越两千年的欧洲思想史",0,"HaveNotRead","Meta-Knowledge",,0,0,"Philosophy and Psychology","PPY",,"NA","P",
"墨子还原",0.01,"PartialReading","Meta-Knowledge",,0,0,"Philosophy and Psychology","PPY",,"NA","P","杨义"
"当代英美哲学地图",0,"HaveNotRead",,,0,0,"Philosophy and Psychology","PPY",,"P","NA",
"Honest Signals: How They Shape Our World",0,"HaveNotRead",,,0,0,"Philosophy and Psychology","PPY",,"P","NA","Alex Pentland"
"Blink: The Power of Thinking Without Thinking",0,"HaveNotRead",,,0,0,"Philosophy and Psychology","PPY",,"P","NO","Malcolm Gladwell"
"怪诞现象学(How to think about weird things)",0,"HaveNotRead",,,0,0,"Philosophy and Psychology","PPY",,"E","NA"," Lewis Vaughn and Theodore Schick"
"世界为何存在(Why does the world exist?)",0.01,"HaveNotRead",,,0,0,"Philosophy and Psychology","PPY",,"E","NA",
"习得性无助(Learned helplessness)",0,"HaveNotRead",,,0,0,"Philosophy and Psychology","PPY",,"E","NO","Christopher Peterson &  Steven F.Maier"
"诱惑心理学(We have met the enemy: self-control in a age of excess)",0,"HaveNotRead",,,0,0,"Philosophy and Psychology","PPY",,"P","NA","Daniel Akst"
"理性犯的错(The fallibility of human reason in everyday life)",0,"HaveNotRead",,,0,0,"Philosophy and Psychology","PPY",,"P","NA","Thomas Gilovich"
"怪诞心理学(Quikology)",0.3,"PartialReading",,,0,0,"Philosophy and Psychology","PPY",,"NA","P","Richard Wiseman"
"怪诞心理学2(Paranormality)",0,"HaveNotRead",,,0,0,"Philosophy and Psychology","PPY",,"NA","P","Richard Wiseman"
"人对抗自己：自杀心理学研究(Man against himself)",0,"HaveNotRead",,,0,0,"Philosophy and Psychology","PPY",,"NA","P","Karl Menninger"
"展现人格力量",0,"HaveNotRead",,,0,0,"Philosophy and Psychology","PPY",,"NA","P","Abraham Maslow"
"后现代思想的数学根源(Mathematics and the Roots of Postmodern Thought)",0,"HaveNotRead",,,0,0,"Philosophy and Psychology","PPY",,"NA","P","Vladimir Tasic"
"维特根斯坦读本",0,"HaveNotRead",,,0,0,"Philosophy and Psychology","PPY",,"NA","P","陈嘉映"
"自我论",0,"HaveNotRead",,,0,0,"Philosophy and Psychology","PPY",,"E","P","科恩"
"四书 五经",0,"HaveNotRead",,,0,0,"Philosophy and Psychology","PPY",,"E","NO","NA"
"逻辑学导论 (Introduction of Logic)",0.01,"HaveNotRead",,,0,0,"Philosophy and Psychology","PPY",,"E","NA","Irving M. Copi and Carl Cohen"
"The Social Animal",0,"HaveNotRead",,,0,0,"Philosophy and Psychology","PPY",,"P","NO","Elliot Aronson"
"How To Think Straight About Psychology (9th Edition)",0,"HaveNotRead",,,0,0,"Philosophy and Psychology","PPY",,"P","NO","Keith E. Stanovich"
"What Intelligence Tests Miss: The Psychology of Rational Thought",1,"ThroughReading",,,0,0,"Philosophy and Psychology","PPY","Audio","NO","P","Keith E. Stanovich"
"An Illustrated Book of Bad Arguments",1,"ThroughReading",,,0,0,"Philosophy and Psychology","PPY",,"P","NO","Ali Almossawi"
"Mind Hacks",0.1,"PartialReading",,,0,0,"Philosophy and Psychology","PPY",,"P","NO","Tom Stafford"
"Working with Adoptive Parents: Research, Theory, and Therapeutic Interventions",0.1,"PartialReading",,,0,0,"Philosophy and Psychology","PPY",,"P","P","Brabender, Virginia M."
"The Prince(君主论)",1,"ThroughReading",,,0,0,"Politics","POL",,"P","NO","Niccolò Machiavelli"
"论美国的民主(Democracy in America)",1,"ThroughReading",,,0,0,"Politics","POL",,"P","NA"," Tocqueville"
"论人类不平等的起源(On the origin of human inequality)",1,"ThroughReading",,,0,0,"Politics","POL",,"P","NO","Rousseau"
"马基雅维利的事业(The Machiavellian Enterprise)",1,"ThroughReading",,,0,0,"Politics","POL",,"P","NO","Leo Paul S.de Alvarez"
"道德理想国的覆灭",0,"HaveNotRead",,,0,0,"Politics","POL",,"P","NO","朱学勤"
"瓦尔登湖",0.01,"HaveNotRead",,,0,0,"Proses Essays and Poems","PEP",,"P","NO",
"The Collection of Gibran's Poems",0.01,"HaveNotRead",,,0,0,"Proses Essays and Poems","PEP",,"P","NA",
"新月集",0.01,"HaveNotRead",,,0,0,"Proses Essays and Poems","PEP",,"P","NA",
"当时只道是寻常",0.3,"HaveNotRead",,,0,0,"Proses Essays and Poems","PEP",,"P","NA",
"送你一颗子弹",1,"ThroughReading",,,0,0,"Proses Essays and Poems","PEP",,"P","NA","刘瑜"
"""Existence”and“Obsequiousness""",1,"ThroughReading",,,0,0,"Proses Essays and Poems","PEP",,"P","NA",
"纽约风景线（北美作家散文随笔选）",1,"ThroughReading",,,0,0,"Proses Essays and Poems","PEP",,"E","P",
"人在欧洲",1,"ThroughReading",,,0,0,"Proses Essays and Poems","PEP",,"E","P","龙应台"
"Stray Birds",1,"ThroughReading",,,0,0,"Proses Essays and Poems","PEP",,"E","P","Tagore"
"在平淡与奢华之间摇摆",1,"ThroughReading",,,0,0,"Proses Essays and Poems","PEP",,"P","NA",
"琼美卡随想录",1,"ThroughReading",,,0,0,"Proses Essays and Poems","PEP",,"P","NA",
"即兴判断",1,"ThroughReading",,,0,0,"Proses Essays and Poems","PEP",,"P","NA",
"肆无忌惮",1,"ThroughReading",,,0,0,"Proses Essays and Poems","PEP",,"P","NO",
"温暖和百感交集的旅程",1,"ThroughReading",,,0,0,"Proses Essays and Poems","PEP",,"E","P","余华"
"园丁集(The Gardener)",1,"ThroughReading",,,0,0,"Proses Essays and Poems","PEP",,"P","NA","Tagore"
"我纷纷的情欲",1,"ThroughReading",,,0,0,"Proses Essays and Poems","PEP",,"P","NA",
"毛泽东诗词书法艺术",1,"ThroughReading",,,0,0,"Proses Essays and Poems","PEP",,"P","P",
"幽梦影 围炉夜话",1,"ThroughReading",,,0,0,"Proses Essays and Poems","PEP",,"P","NO",
"A collection of Qian Zhongshu's English essays",0,"HaveNotRead",,,0,0,"Proses Essays and Poems","PEP",,"P","NO","钱钟书"
"钱钟书集——谈艺录",0,"HaveNotRead",,,0,0,"Proses Essays and Poems","PEP",,"P","NO","钱钟书"
"Essays of Elia ",0,"HaveNotRead",,,0,0,"Proses Essays and Poems","PEP",,"P","NA","Charles Lamb"
"中国现代诗选(Model Chinese Poems)",0,"HaveNotRead",,,0,0,"Proses Essays and Poems","PEP",,"P","P",
"走了一万一千里路——顾城首度面世的诗手稿",0,"HaveNotRead",,,0,0,"Proses Essays and Poems","PEP",,"P","NA","顾城"
"斑纹——兽皮上的地图(a collection of proses)",0,"HaveNotRead",,,0,0,"Proses Essays and Poems","PEP",,"P","NO",
"当代散文大家精品文库——二月兰",0,"HaveNotRead",,,0,0,"Proses Essays and Poems","PEP",,"P","NA",
"2005年中国散文精选",0,"HaveNotRead",,,0,0,"Proses Essays and Poems","PEP",,"P","P",
"嫁衣之纫",0,"HaveNotRead",,,0,0,"Proses Essays and Poems","PEP",,"P","NO",
"七缀集",0,"HaveNotRead",,,0,0,"Proses Essays and Poems","PEP",,"P","NA",
"槐聚诗存",0,"HaveNotRead",,,0,0,"Proses Essays and Poems","PEP",,"P","NA",
"苗老汉聊天——雪泥爪印",0,"HaveNotRead",,,0,0,"Proses Essays and Poems","PEP",,"P","NA",
"词语的个人历史",0,"HaveNotRead",,,0,0,"Proses Essays and Poems","PEP",,"P","NA",
"Postcards from Ed",0,"HaveNotRead",,,0,0,"Proses Essays and Poems","PEP",,"P","NA"," Edward Abbey"
"南怀瑾说佛:现代学佛者",0.01,"PartialReading",,,0,0,"Religion","REL",,"P","NA",
"中国佛学经典文库——禅诗精选（高僧卷）",0.02,"PartialReading",,,0,0,"Religion","REL",,"E","NA",
"天使的传言",1,"ThroughReading",,,0,0,"Religion","REL",,"P","NA",
"西藏生死书(The Tibet Book of Live and Death)",1,"ThroughReading",,,0,0,"Religion","REL",,"P","NA","索甲仁波切"
"大藏经",0,"HaveNotRead",,,0,0,"Religion","REL",,"P","NA",
"佛教各宗派小丛书——天台宗概说",0,"HaveNotRead",,,0,0,"Religion","REL",,"P","NA",
"中国佛教图鉴（通览中国佛教二千年历史）",0,"HaveNotRead",,,0,0,"Religion","REL",,"P","NO",
"答问青壮年参禅者",0,"HaveNotRead",,,0,0,"Religion","REL",,"P","P",
"宗教教义与社会演化",0,"HaveNotRead",,,0,0,"Religion","REL",,"P","NA","Niklas luhmann "
"单纯理性限度内的宗教(Religion Within the Boundaries of Mere Reason)",0,"HaveNotRead",,,0,0,"Religion","REL",,"P","NA","Kant"
"神学的科学(Theological Science) ",0,"HaveNotRead",,,0,0,"Religion","REL",,"P","NA","Thomas F. Torrance"
"无形的宗教:现代社会中的宗教问题 ",0,"HaveNotRead",,,0,0,"Religion","REL",,"P","NA","T. Luckmann"
"神学研究:一种百科全书式的定位",0,"HaveNotRead",,,0,0,"Religion","REL",,"P","NA","G.Ebeling"
"宝积经",0,"HaveNotRead",,,0,0,"Religion","REL",,"P","NA",
"基督的二性 ",0.01,"PartialReading",,,0,0,"Religion","REL",,"P","NA","马丁.开姆尼茨"
"The Call",1,"ThroughReading",,,0,0,"Religion","REL",,"P","NA","Adam Hamilton"
"24 Hours that changed the world",1,"ThroughReading",,,0,0,"Religion","REL",,"P","NA","Adam Hamilton"
"Christian and World Religions",1,"ThroughReading",,,0,0,"Religion","REL",,"P","NA","Adam Hamilton"
"Things a Computer Scientist Rarely Talks About",1,"ThroughReading",,,0,0,"Religion","REL",,"P","NA","Donald E Knuth"
"3:16 Bible Texts Illuminated",0,"HaveNotRead",,,0,0,"Religion","REL",,"P","NA","Donald E Knuth"
"The Trouble with the Truth: Balancing Truth and Grace",0,"HaveNotRead",,,0,0,"Religion","REL",,"P","NA","Rob Renfroe"
"The Jesus I Never Knew",0.5,"PartialReading",,,0,0,"Religion","REL",,"P","NA","Philip Yancey"
"Who Is This Man?",0.7,"PartialReading",,,0,0,"Religion","REL",,"P","NA","John Ortberg"
"The case for faith",0.05,"PartialReading",,,0,0,"Religion","REL",,"P","NA","Lee Strobel"
"低智商社会",0.01,"PartialReading",,,0,0,"Self-development","SDP",,"P","NA","大前研一"
"专业主义",0.5,"PartialReading",,,0,0,"Self-development","SDP",,"P","NA","大前研一"
"沃顿商学院最受欢迎的谈判课(Getting More)",0.25,"PartialReading",,"Negotiation or persuasion",0,0,"Self-development","SDP",,"P","NA","Stuart Diamond"
"Style: Lessons in Clarity and Grace",0.5,"PartialReading",,,0,0,"English","ENG",,"P","NA"," Joseph M Williams"
"Secrets to Winning at Office Politics: How to Achieve Your Goals and Increase Your Influence at Work",1,"ThroughReading",,,0,0,"Self-development","SDP",,"P","NA","Marie G. McIntyre"
"Simply your work life",1,"ThroughReading",,,0,0,"Self-development","SDP",,"P","NA","Elaine St. James"
"影响力(Influence)",1,"ThroughReading",,"Negotiation or persuasion",0,0,"Self-development","SDP",,"NO","P","Robert B Cialdini"
"微动作读心术",1,"ThroughReading",,,0,0,"Self-development","SDP",,"E","NA",
"微表情读心术 ",1,"ThroughReading",,,0,0,"Self-development","SDP",,"E","P",
"微反应读心术",1,"ThroughReading",,,0,0,"Self-development","SDP",,"E","NA",
"Corporate Confidential: 50 Secrets Your Company Doesn't Want You to Know---and What to Do About Them",1,"ThroughReading",,"Worldly wisdom",0,0,"Self-development","SDP",,"E","NO"," Cynthia Shapiro"
"Nice Girls Don't Get the Corner Office: 101 Unconscious Mistakes Women Make That Sabotage Their Careers",1,"ThroughReading",,"Worldly wisdom",0,0,"Self-development","SDP",,"P","NA"," Lois P Frankel"
"Getting Ahead: Three Steps to Take Your Career to the Next Level",1,"ThroughReading",,"Worldly wisdom",0,0,"Self-development","SDP",,"NA","P"," Joel A Garfinkle"
"软能力",1,"ThroughReading",,,0,0,"Self-development","SDP",,"NA","P",
"心理操纵术",1,"ThroughReading",,,0,0,"Self-development","SDP",,"NA","P",
"美国大城市的死于生",1,"RoughReading","Hard-knowledge",,0,0,"Society and Culture","SOC",,,,"Jane Jacobs"
"好好修养爱",1,"ThroughReading",,,0,0,"Self-development","SDP",,"NA","P",
"两个人的孤独",1,"ThroughReading",,,0,0,"Self-development","SDP",,"NA","P",
"赢",1,"ThroughReading",,,0,0,"Self-development","SDP",,"NA","P",
"好好爱自己",1,"ThroughReading",,,0,0,"Self-development","SDP",,"NA","P","素黑"
"把时间当作朋友",1,"ThroughReading",,,0,0,"Self-development","SDP",,"NA","P","李笑来"
"Difficult Conversations: How to Discuss What Matters Most",0.05,"HaveNotRead",,"Worldly wisdom",0,0,"Self-development","SDP",,"NA","P"," Douglas Stone"
"The Secret Handshake: Mastering the Politics of the Business Inner Circle",0,"HaveNotRead",,"Worldly wisdom",0,0,"Self-development","SDP",,"NA","P","Kathleen Kelly Reardon"
"Talking from 9 to 5: Women and Men at Work",0,"HaveNotRead",,"Worldly wisdom",0,0,"Self-development","SDP",,"P","NA","Deborah Tannen"
"The Shadow Negotiation: How Women Can Master the Hidden Agendas That Determine Bargaining Success",0,"HaveNotRead",,"Worldly wisdom",0,0,"Self-development","SDP",,"NA","P"," Deborah Kolb"
"What Leaders Really Do",0,"HaveNotRead",,"Worldly wisdom",0,0,"Self-development","SDP",,"NA","P"," John P Kotter"
"Dealing with Difficult People",0,"HaveNotRead",,"Worldly wisdom",0,0,"Self-development","SDP",,"P","NA","Sandra A Crowe"
"说真话的艺术(Telling each other the truth)",0,"HaveNotRead",,,0,0,"Self-development","SDP",,"NO","P","William Backus"
"细节营销(Marketing Revealed: Challenging the Myths)",0,"HaveNotRead",,,0,0,"Self-development","SDP",,"NO","P","Willem Burgers"
"创新者的思考",0,"HaveNotRead",,"How to innovate?",0,0,"Self-development","SDP",,"NA","P","大前研一"
"看清你的思维图谱 (Thinking Visually)",0.1,"HaveNotRead",,,0,0,"Self-development","SDP",,"NA","P","Malcolm Craig"
"品红酒(The taste of red wine)",0.05,"HaveNotRead",,,0,0,"Self-development","SDP",,"NA","P","Louis Guillem"
"重来（rework）",1,"ThroughReading","Fastfood-knowledge","Time Management",0,0,"Self-development","SDP",,"NA","P","37Signals"
"Asking the Right Questions: A Guide to Critical Thinking 9th Edition",1,"ThroughReading",,,0,0,"Self-development","SDP",,"NA","P","M. Neil Browne"
"How To Solve It: A New Aspect of Mathematical Method",0,"HaveNotRead","Meta-Knowledge",,0,0,"Self-development","SDP",,"NA","P","George Polya"
"Thing Explainer: Complicated Stuff in Simple Words",0.02,"PartialReading",,,0,0,"Self-development","SDP",,"NA","P","Randall Munroe"
"The Monographs",0.1,"PartialReading",,,0,0,"Self-development","SDP",,"NA","P","Ben Cardall"
"The Joy of Reading: A Passionate Guide to 189 of the World's Best Authors and Their Works",0,"HaveNotRead",,,0,0,"Self-development","SDP",,"NA","P","Charles Van Doren"
"The 9 Steps to Financial Freedom",0,"HaveNotRead",,"Wealth Management",0,0,"Self-development","SDP",,"NA","P","Orman, Suze"
"Suze Orman's Financial Guidebook: Put the 9 Steps to Work",0,"HaveNotRead",,,0,0,"Self-development","SDP",,"NO","P","Orman, Suze"
"不顾诸神：现代印度的奇怪崛起",0.01,"PartialReading",,,0,0,"Society and Culture","SOC",,"NO","P",
"图解中国茶经",0.01,"PartialReading",,,0,0,"Society and Culture","SOC",,"P","NA",
"图说天下·国家地理系列-全球最美的100个地方 (The top 100 beautiful places in the world )",0.01,"PartialReading",,,0,0,"Society and Culture","SOC",,"P","NA",
"话说中国大风一曲振河山",0.01,"PartialReading",,,0,0,"Society and Culture","SOC",,"P","NO",
"客厅文库休闲读物——礼品事典 ",0.01,"PartialReading",,,0,0,"Society and Culture","SOC",,"P","NA",
"实学简史（经典插图本）",0.01,"PartialReading",,,0,0,"Society and Culture","SOC",,"NO","P",
"不可思议的年代(The age of the unthinkable)",0.01,"HaveNotRead",,,0,0,"Society and Culture","SOC",,"NA","P","Joshua Ramo"
"组织行为学",0.01,"PartialReading",,,0,0,"Society and Culture","SOC",,"NA","P","边一民&徐力 etc"
"文明是副产品",0.01,"HaveNotRead",,,0,0,"Society and Culture","SOC",,"NO","P","郑也夫"
"文人谈饮食",0.02,"PartialReading",,,0,0,"Society and Culture","SOC",,"NA","P",
"诸神的争吵:国际冲突中的宗教根源",0.05,"PartialReading",,,0,0,"Society and Culture","SOC",,,,
"酱缸——搅动看真相",0.1,"PartialReading",,,0,0,"Society and Culture","SOC",,,,"柏杨"
"性学十三讲",0.3,"PartialReading",,,0,0,"Society and Culture","SOC",,,,
"美国政府概况(Introduction to American Government)",0.2,"PartialReading",,,0,0,"Society and Culture","SOC",,,,
"不确定性(Uncertainty)",0.33,"PartialReading",,,0,0,"Society and Culture","SOC",,"E","P","Mitchell Small"
"The European coffeehouse culture",1,"ThroughReading",,,0,0,"Society and Culture","SOC",,"P","NA",
"Much depends on dinner",1,"ThroughReading",,,0,0,"Society and Culture","SOC",,,,"Margaret Visser "
"你如此需要安慰——关于爱的对话 ",1,"ThroughReading",,,0,0,"Society and Culture","SOC",,,,"李银河"
"The Chrysanthemum and the Sword ",1,"ThroughReading",,,0,0,"Society and Culture","SOC",,,,"Pauling Kent "
"FBI教你破解身体语言",1,"ThroughReading",,,0,0,"Society and Culture","SOC",,,,
"男人其实很忧郁",1,"ThroughReading",,,0,0,"Society and Culture","SOC",,,,
"揭秘美国医疗制度及其相关行业",1,"ThroughReading",,,0,0,"Society and Culture","SOC",,,,
"中国人的精神",1,"ThroughReading",,,0,0,"Society and Culture","SOC",,,,"辜鸿铭"
"书写的神话：西方文化中的文学",1,"ThroughReading",,,0,0,"Society and Culture","SOC",,,,
"知道点：世界文化 (World Culture)",1,"ThroughReading",,,0,0,"Society and Culture","SOC",,,,
"八大胡同捌章",1,"ThroughReading",,,0,0,"Society and Culture","SOC",,,,
"聆听西藏-以图片的方式 ",1,"ThroughReading",,,0,0,"Society and Culture","SOC",,,,
"京城胡同留真",1,"ThroughReading",,,0,0,"Society and Culture","SOC",,,,
"潜规则：中国历史中的真实游戏",1,"ThroughReading",,,0,0,"Society and Culture","SOC",,,,
"隐蔽的秩序",1,"ThroughReading",,,0,0,"Society and Culture","SOC",,,,
"与机器赛跑",1,"ThroughReading",,,0,0,"Society and Culture","SOC",,,,
"图说中国文化——图说中国舞蹈",0,"HaveNotRead",,,0,0,"Society and Culture","SOC",,,,
"明日之中国文化:中印欧文化十讲",0,"HaveNotRead",,,0,0,"Society and Culture","SOC",,,,
"图说天下·国家地理系列(2)-黄金典藏版.欧洲(Geography of Europe)",0,"HaveNotRead",,,0,0,"Society and Culture","SOC",,,,
"图说天下·国家地理系列(2)-黄金典藏版.亚洲大洋洲(Geography of Asia and Oceania)",0,"HaveNotRead",,,0,0,"Society and Culture","SOC",,,,
"A G-MAN'S LIFE: The FBI  Being 'Deep Throat'  and The Struggle For Honor in Washington",0,"HaveNotRead",,,0,0,"Society and Culture","SOC",,,,"Mark Felt"
"The Traditional Chinese Festival And Tales",0,"HaveNotRead",,,0,0,"Society and Culture","SOC",,,,
"欧洲文化史(European Culture History)",0,"HaveNotRead",,,0,0,"Society and Culture","SOC",,,,
"惊世骇俗的另类幽默经典:魔鬼辞典 (Haven't gotten the English version)",0.01,"HaveNotRead",,,0,0,"Society and Culture","SOC",,,,
"岩松看美国",0,"HaveNotRead",,,0,0,"Society and Culture","SOC",,,,
"中国人最易误解的文史常识",0,"HaveNotRead",,,0,0,"Society and Culture","SOC",,,,
"南怀瑾讲述--漫谈中国文化",0,"HaveNotRead",,,0,0,"Society and Culture","SOC",,,,
"林语堂文集——美国的智慧(精装)",0,"HaveNotRead",,,0,0,"Society and Culture","SOC",,,,
"林语堂文集——印度的智慧(精装)",0,"HaveNotRead",,,0,0,"Society and Culture","SOC",,,,
"茶文化系列丛书--茶香美食",0,"HaveNotRead",,,0,0,"Society and Culture","SOC",,,,
"客厅文库休闲读物——雪茄 ",0,"HaveNotRead",,,0,0,"Society and Culture","SOC",,,,
"中国民俗文化丛书——玩具（弘扬中国传统文化 建设民族精神家园） ",0,"HaveNotRead",,,0,0,"Society and Culture","SOC",,,,
"漩涡·文化系列——婚俗与中国传统文化 ",0,"HaveNotRead",,,0,0,"Society and Culture","SOC",,,,
"家庭书架——话说中国人之三教九流",0,"HaveNotRead",,,0,0,"Society and Culture","SOC",,,,
"先民的歌唱-诗经",0,"HaveNotRead",,,0,0,"Society and Culture","SOC",,,,
"阅读城市",0,"HaveNotRead",,,0,0,"Society and Culture","SOC",,,,
"中国文化杂说-茶酒文化卷",0,"HaveNotRead",,,0,0,"Society and Culture","SOC",,,,
"中华民俗文化丛书：拱手·鞠躬·跪拜",0,"HaveNotRead",,,0,0,"Society and Culture","SOC",,,,
"中华民俗文化丛书：车马·溜索·滑竿",0,"HaveNotRead",,,0,0,"Society and Culture","SOC",,,,
"中华民俗文化丛书：猜拳·博戏·对舞",0,"HaveNotRead",,,0,0,"Society and Culture","SOC",,,,
"中华民俗文化丛书：姻缘·良缘·孽缘",0,"HaveNotRead",,,0,0,"Society and Culture","SOC",,,,
"中华民俗文化丛书：姓氏·名号·别称",0,"HaveNotRead",,,0,0,"Society and Culture","SOC",,,,
"中华民俗文化丛书：掮客·行商·钱庄",0,"HaveNotRead",,,0,0,"Society and Culture","SOC",,,,
"唐宋八大家集",0,"HaveNotRead",,,0,0,"Society and Culture","SOC",,,,
"The Descent of Woman: The Classic Study of Evolution ",0,"HaveNotRead",,,0,0,"Society and Culture","SOC",,,," Elaine Morgan"
"支配社会学",0,"HaveNotRead",,,0,0,"Society and Culture","SOC",,,,"韦伯"
"中国国民性演变历程",0,"HaveNotRead",,,0,0,"Society and Culture","SOC",,,,"张宏杰"
"技术元素(The Technium)",0,"HaveNotRead",,,0,0,"Society and Culture","SOC",,,,"Kevin Kelly"
"中国传统节日及传说",0,"HaveNotRead",,,0,0,"Society and Culture","SOC",,,,
"Advanced R",0.01,"PartialReading",,,0,0,"Statistics","STAT",,,,"Hadley Wickham"
"Bayesian Data Analysis",0.01,"PartialReading",,,0,0,"Statistics","STAT",,,," Andrew Gelman"
"XML and Web Technologies for Data Sciences with R",0.02,"PartialReading",,,0,0,"Statistics","STAT",,,," Deborah Nolan"
"Latent Variable Modeling with R",0.01,"PartialReading",,,0,0,"Statistics","STAT",,,," W. Holmes Finch"
"Learning Spark: Lightning-Fast Big Data Analysis",0.01,"PartialReading",,,0,0,"Statistics","STAT",,,," Holden Karau"
"Natural Language Processing with Python",0.1,"PartialReading",,,0,0,"Statistics","STAT",,,,"Steven Bird"
"Statistical Analysis of Network Data with R",0.1,"PartialReading",,,0,0,"Statistics","STAT",,,,"Eric D. Kolaczyk"
"Pattern Recognition and Machine Learning 1st Edition",0.1,"PartialReading",,,0,0,"Statistics","STAT",,,,"Christopher M. Bishop"
"Design of Experiments: An Introduction Based on Linear Models",0.1,"PartialReading",,,0,0,"Statistics","STAT",,,,"Max Morris"
"R for Marketing Research and Analytics ",1,"IntensiveReading",,,0,0,"Statistics","STAT",,,," Christopher N. Chapman"
"Model Assisted Survey Sampling",0.5,"PartialReading",,,0,0,"Statistics","STAT",,,," Carl-Erik Särndal"
"时间序列",0.5,"PartialReading",,,0,0,"Statistics","STAT",,,,
"Human side of statistical consulting",0.6,"PartialReading",,,0,0,"Statistics","STAT",,,,
"Measure Theory and Probability Theory",0.9,"PartialReading",,,0,0,"Statistics","STAT",,,,"Krishna B. Athreya"
"概率论",1,"ThroughReading",,,0,0,"Statistics","STAT",,,,
"Applied Predictive Modeling",1,"IntensiveReading",,,0,0,"Statistics","STAT",,,,"Max Kuhn & Kjell Johnston"
"statistical inference",1,"ThroughReading",,,0,0,"Statistics","STAT",,,,
"Probabilistic Graphical Models: Principles and Techniques",0.05,"PartialReading",,,0,0,"Statistics","STAT",,,," Daphne Koller"
"R Packages",0.2,"PartialReading",,,0,0,"Statistics","STAT",,,," Hadley Wickham"
"Data Analysis Using Regression and Multilevel/Hierarchical Models ",0.02,"PartialReading",,,0,0,"Statistics","STAT",,,,"Andrew Gelman"
"Applied Statistics: A Handbook of Techniques ",0.5,"PartialReading",,,0,0,"Statistics","STAT",,,," Lothar Sachs"
"Advances in Longitudinal Methods in the Social and Behavioral Sciences ",0,"ReferenceBook",,,0,0,"Statistics","STAT",,,," Jeffrey R Harring"
"Handbook of Structural Equation Modeling ",0,"ReferenceBook",,,0,0,"Statistics","STAT",,,," Rick H Hoyle"
"Taming Text: How to Find Organize and Manipulate It",0,"HaveNotRead",,,0,0,"Statistics","STAT",,,,"Grant S. Ingersoll"
"Foundations of Statistical Natural Language Processing",0.01,"PartialReading",,,0,0,"Statistics","STAT",,,,"Christopher D. Manning"
"Modern Optimization with R",0,"HaveNotRead",,,0,0,"Statistics","STAT",,,," Paulo Cortez"
"Mastering Regular Expressions",0,"ReferenceBook",,,0,0,"Statistics","STAT",,,," Jeffrey E. F. Friedl"
"Regular Expressions Cookbook",0,"ReferenceBook",,,0,0,"Statistics","STAT",,,," Jan Goyvaerts"
"Regular Expression Pocket Reference: Regular Expressions for Perl  Ruby  PHP  Python C  Java and .NET ",0,"ReferenceBook",,,0,0,"Statistics","STAT",,,,"Tony Stubblebine"
"An Introduction to Statistical Learning",0.5,"PartialReading",,,0,0,"Statistics","STAT",,,,"  T. Hastie D. Witten &  G. James  Tibshirani"
"Statistical Rethinking: A Bayesian Course with Examples in R and Stan",0.1,"PartialReading",,,0,0,"Statistics","STAT",,,," Richard McElreath"
"Causality: Models Reasoning and Inference",0.01,"PartialReading",,,0,0,"Statistics","STAT",,,,"Judea Pearl"
"Sentiment Analysis",0.01,"PartialReading",,,0,0,"Statistics","STAT",,,,"Bing Liu"
"自卑与超越",1,"ThroughReading","Meta-Knowledge",,0,0,"Philosophy and Psychology","PPY",,,,"Alfred Adler"
"不正常人类研究所",1,"ThroughReading","Hard-knowledge",,0,0,"Philosophy and Psychology","PPY",,,,"冈田尊司"
"痛苦心理学",0.2,"PartialReading","Hard-knowledge",,0,0,"Philosophy and Psychology","PPY",,,,"林昆辉"
"生活中的道德怪圈",0.33,"PartialReading","Fastfood-knowledge",,0,0,"Philosophy and Psychology","PPY",,,,"Rainer Erlinger"
"人情与面子：中国人的权力游戏",0.3,"PartialReading","Hard-knowledge","Worldly wisdom",0,0,"Society and Culture","SOC",,,,"黄光国"
"时间的形状",0.01,"RoughReading","Hard-knowledge","Origin of the universe",0,0,"Physics","PHY",,,,
"The Crowd",0.01,"RoughReading","Hard-knowledge","Social Psychology",0,0,"Philosophy and Psychology","PPY",,,,
"The Death and Life of Great American Cities",0.01,"RoughReading","Hard-knowledge",,0,0,"Society and Culture","SOC",,,,"Jacobs J"
"Animal spirits",0.01,"RoughReading","Hard-knowledge",,0,0,"Business & Economics & Management","BEM",,,,"George A.Akedof and Robert J.Shiller"
"演说之禅",,"HaveNotRead",,"Public Speaking",0,0,"Self-development","SDP",,,,
"简单思考",0.01,"RoughReading","Fastfood-knowledge","Start business",0,1,"Self-development","SDP",,,,"森川亮"
"微观经济学纵横谈",,"HaveNotRead",,,0,0,"Business & Economics & Management","BEM",,,,
"离经叛道",,"HaveNotRead",,,0,0,"Business & Economics & Management","BEM",,,,
"安静的力量",0.01,"RoughReading",,"Spiritual practice",0,0,"Self-development","SDP",,,,
"上帝掷骰子吗？",,"HaveNotRead",,"Origin of the universe",0,0,"Physics","PHY",,,,
"隐藏的现实：平行宇宙是什么？",,"HaveNotRead",,"Origin of the universe",0,0,"Physics","PHY",,,,
"商业的本质",,"HaveNotRead",,"Marketing Management",0,0,"Business & Economics & Management","BEM",,,,
"人性的弱点",0.01,"RoughReading","Fastfood-knowledge","Social Skill",1,0,"Self-development","SDP",,,,
"Animal Spirits(动物精神)",0.01,"RoughReading","Hard-knowledge","Psychological forces under global financial crisis",1,0,"Society and Culture","SOC",,,,
